essay_id,prompt,essay_text,task_directions,essay_set,score,trait_scores,trait_explanations,holistic_explanation
1194,"Censorship in the Libraries
""All of us can think of a book that we hope none of our children or any other children have taken
off the shelf. But if I have the right to remove that book from the shelf -- that work I abhor -- then
you also have exactly the same right and so does everyone else. And then we have no books
left on the shelf for any of us."" --Katherine Paterson, Author","Letter to the @CAPS1 I disagree with the so-called ""experts"" that claim that computers could have negative effects on people. The idea that you socialize less with family and friends is a pathetic arguement. Social networking sites like @CAPS2 or @CAPS3 allow @CAPS22 with all your friends @CAPS4 and other online games help you met new people that could be hundreds of miles away from you! Twiter is good when you just want to say something quick like ""@CAPS5 to @LOCATION1"". @CAPS18 allows you to talk to friends, comment on their videos, and subscribe to them, plus it provides hours of entertainment without a fee. Computers also can provide fun games and entertain users. There are many free games, like @PERSON1, that have endless possibilities. @PERSON1 @PERSON1 (made by @CAPS6) claims to be the most popular @CAPS7 (@CAPS8 @CAPS9 Online @CAPS10-playing @CAPS11) on the web. You can level up combat skills: attack, defence, strength, ranged, and magic. Or you can level up skills like wood cutting, prayer, farming, fishing, mining, and cooking. @PERSON1, like most @CAPS4, has quests, with varying difficulties. For example, for one quest you have to kill a demon, but for another, just find a missing cat. There are over @NUM1 quests, and there are never fewer than @NUM2 people playing at a time. Some other notable @CAPS13 games are @ORGANIZATION1 @CAPS14: @CAPS15, @CAPS16 of @CAPS17, @ORGANIZATION2, @LOCATION2, and @ORGANIZATION1. As you can see, the computer has an impressive list of entertaining @CAPS11 for all ages, not to mention sites like @CAPS18 or addicting games. Computers don't really affect exercising. That's a personal choice, so you have to choose between @CAPS2 or the basketball court. It's like saying that before we had computers or video @CAPS11 consoles, that a @CAPS20 board stopped kids from exercising. The computer doesn't actually stop us from exercising. It's our minds that do, and our judgement. If you have bad judgement, you'd stay inside all day tweeting and @CAPS21. With a good strong mind and willpower, you can overcome a bad decision and play sports or go to the gym. All it takes is good judgement. Just to recap what I've said, @CAPS22 is plenty on computers and there are many choices on how to do it. Many sites amuse us, and we should make use of that. Not to mention you can buy games like @CAPS16 of @CAPS17 or @ORGANIZATION1 @CAPS14: @CAPS15 for your @CAPS13! Computers don't actually hinder exercising, all it takes is good judgement to get off that chair and exercise.","Write a persuasive essay to a newspaper reflecting your views on censorship in libraries.
Do you believe that certain materials, such as books, music, movies, magazines, etc.,
should be removed from the shelves if they are found offensive? Support your position
with convincing arguments from your own experience, observations, and/or reading.",1,5,"{'Content': 4, 'Organization': 4, 'Word Choice': 5, 'Sentence Fluency': 5, 'Conventions': 5}","{'Content': '', 'Organization': '', 'Word Choice': '', 'Sentence Fluency': '', 'Conventions': ''}",
1728,"Censorship in the Libraries
""All of us can think of a book that we hope none of our children or any other children have taken
off the shelf. But if I have the right to remove that book from the shelf -- that work I abhor -- then
you also have exactly the same right and so does everyone else. And then we have no books
left on the shelf for any of us."" --Katherine Paterson, Author","Dear @CAPS1 @CAPS2 I believe that there is more and more controvosy about computer and whether they benefit society or not. In my opinion, computers are a wonderful resource that will soon become a household item. I am writing to persuade you that computers have a positive effect on people. I believe computers are a good thing because they allow people access to more knowledge, they allow people to stay in contact with people they dont see very often, and they allow people to keep up and know whats going on in modern life. One reason computers are useful is that they allow people to stay in contact with people they don't see very often. Today, parents don't mind sending their children off to college as much because they can actually see them using video chat websites like @ORGANIZATION1. This feature on computers has a big impact on the life of people today. People in @LOCATION1 can talk with people in @LOCATION2. This type of often allows for people to share new and inventive things they've discovered. Another reason computers can be useful is because they help people keep in touch with modern life. Many companies are now erasing newspaper ads and putting them all on computer websites. Some companies are only selling items on their websites and shipping them to the buyers. With computers students can also get their homework done and send it to their teacher by email if they cannot make it to school that day. There is even at home colleges now where you take your class online. I believe that in a few years from now more and more people will do business with computers and more stores will sell online only. Finally the last reason I believe computers are a good idea is that they allow people access to more knowledge with the internet. There are websites soldy devoted to history and information on many things. Also there are blogging websites where people can debate on information or get questions answired by real people who @MONTH1 know a lot about the topic. Another thing on computers that helps you get informed is websites like wikipedia where people can search a topic, read history about it, and follow links to other websites if they want to pick apart the topic even more. Overall, I believe that computers area a great resource to human kind and will be used for more and more things in a few years. I believe computers are useful because they allow people access to more knowledge, the ability to keep in touch with others, and to keep in touch with modern life. I believe that in a couple years there will be liss stores on the streets and most will be online because it is much cheaper for the companies. So, most people in a couple years will be computers and use them effectively.","Write a persuasive essay to a newspaper reflecting your views on censorship in libraries.
Do you believe that certain materials, such as books, music, movies, magazines, etc.,
should be removed from the shelves if they are found offensive? Support your position
with convincing arguments from your own experience, observations, and/or reading.",1,5,"{'Content': 5, 'Organization': 4, 'Word Choice': 4, 'Sentence Fluency': 4, 'Conventions': 4}","{'Content': '', 'Organization': '', 'Word Choice': '', 'Sentence Fluency': '', 'Conventions': ''}",
652,"Censorship in the Libraries
""All of us can think of a book that we hope none of our children or any other children have taken
off the shelf. But if I have the right to remove that book from the shelf -- that work I abhor -- then
you also have exactly the same right and so does everyone else. And then we have no books
left on the shelf for any of us."" --Katherine Paterson, Author","Dear Local newspaper, I agree that computers have an effect on people. It helps people learn hand-eye coordination, give people the ability to learn a far places and you can talk online with other people. Computers teach hand-eye coordination. As @CAPS1 grow up, they learn about letters of the alphabet and spelling. There are many online programs that teach @CAPS1 how to type. Once the @CAPS1 get in learning how to type, they end up typing fast. Computers help @CAPS1 of future learn & with all these learning websites, @CAPS1 will be able ti teach them solves new things. Isn't it a blessing to be able to meet people from a far? You'll get ot learn there cultures. Would you want to know something about? They make daily go around, there you'll you? Well its so learning a new culture is a faster way of making friends. Have you connect. Oneday i will people who dont just want to be friends, maybe more than that. Be positive about online chatting, or online dating services. As you can see for my reasons above, the computer has an effect on people. The computer teaches you hand-eye coordination, it also gives you the ability to learn afar places & people, and it allows you to chat with other online people. Make sure you stay positive & be safe on the computers.","Write a persuasive essay to a newspaper reflecting your views on censorship in libraries.
Do you believe that certain materials, such as books, music, movies, magazines, etc.,
should be removed from the shelves if they are found offensive? Support your position
with convincing arguments from your own experience, observations, and/or reading.",1,5,"{'Content': 3, 'Organization': 3, 'Word Choice': 3, 'Sentence Fluency': 4, 'Conventions': 4}","{'Content': '', 'Organization': '', 'Word Choice': '', 'Sentence Fluency': '', 'Conventions': ''}",
362,"Censorship in the Libraries
""All of us can think of a book that we hope none of our children or any other children have taken
off the shelf. But if I have the right to remove that book from the shelf -- that work I abhor -- then
you also have exactly the same right and so does everyone else. And then we have no books
left on the shelf for any of us."" --Katherine Paterson, Author","Newspaper, I feel that the use of computers is no big deal. it is a convienient way to communicate, it teaches young adults and adults social and life skills, and is no different than other addictions. These three reasons are why I feel the @ORGANIZATION1 is under-appreciated. My firsty reason why I feel that the @ORGANIZATION1 is under-appreciated is that some people think that less time is spend with family, but I talk to family, and friends everytime on the @ORGANIZATION1. It is a conveinient, fast, and for the most part safe way of communicating. When I need help with something, I sit at the @ORGANIZATION1 and fb chat someone, or if their not on, I e-mail them. I get my answer within a day. Also you can look up the answer online, the internet is a beautifully smart device. Also if you call someone versus chating on the @ORGANIZATION1 you @MONTH1 have no idea who they are, it is also much easier to trace a call then trace a @ORGANIZATION1 to a certain location. Communication is faster, safer, and more conveinient over the @ORGANIZATION1. My second reason for being @NUM1 is that it can help teach said and life skills. For example, did you know that on average, an adult will make @MONEY1 more if they know how to type good, and fast? The @ORGANIZATION1 serves many functions. Facebook, for example, is a social network, amny young adults can learn basic social skills by having a facebook. Social skills play a very important role when you are finding a job for the first time. If you have good social skills, your boss @MONTH1 like, and apreciate you more. Which can only lead to a promotion! Computers are very nifly to have around! my third, and final reason, for believing, with all respect, that @NUM2 people are blinded, is that people don't easily get addicted to the @ORGANIZATION1. It is very hard to become addicted to the @ORGANIZATION1. Only about @PERCENT3 of facebook users are addicted. Compared to an alcohol addiction, about @PERCENT1, or drug addiction, @PERCENT2, @ORGANIZATION1 addiction is microscopic, and not to mention, not deadly. The only similarity between the @ORGANIZATION1, and other deadlier addictions is that they are addicted, and @MONTH1 become grumpy if asked to stop. ""@ORGANIZATION1 addiction can be cured with a speedy recovery, and as long as you are on for an hour or less a day, there is nothing to worry about"" says @PERSON1, at the @NUM3.) @CAPS1 there you have it, computers use is not a major problem. It is a conveinent communication device, an effective way to learn social, and life skills, and is no huge major source of addiction. @CAPS1 there is nothing to worry about. Sit back and look it up on the internet if you don't believe me.","Write a persuasive essay to a newspaper reflecting your views on censorship in libraries.
Do you believe that certain materials, such as books, music, movies, magazines, etc.,
should be removed from the shelves if they are found offensive? Support your position
with convincing arguments from your own experience, observations, and/or reading.",1,5,"{'Content': 4, 'Organization': 4, 'Word Choice': 4, 'Sentence Fluency': 4, 'Conventions': 4}","{'Content': '', 'Organization': '', 'Word Choice': '', 'Sentence Fluency': '', 'Conventions': ''}",
1376,"Censorship in the Libraries
""All of us can think of a book that we hope none of our children or any other children have taken
off the shelf. But if I have the right to remove that book from the shelf -- that work I abhor -- then
you also have exactly the same right and so does everyone else. And then we have no books
left on the shelf for any of us."" --Katherine Paterson, Author","Dear @PERSON1, I am writing a letter to discuss the fact that computers have a negitive effect on the average american, here are my reasons people are not spending much time outside, lack of exersize, do not interact with their family as much. Not spending much time can have a big effect on mother nature. Such as they will begin to care less about our wonderful earth and not care to pollute because if they took the time to go outside instead of running the air conditioner they can save the money and go be with their friends. Lack of exersize can be very bad for your health. Sitting down all day on the computer is not exersize its lazyness. When you exersize you feel good about yourself, your adreniline starts going, you can stay fit and you wan't have to worry about being unhealthy if you take yourself away from the computer. When you do not interact with your family and instead of eating dinner together one persons on the computer and the others are waching @CAPS1. You might argue with your family a lot and don't you want to have a healthy relationship. So why don't you encourage your family to sit down at the table and discuss how your day went. I stated my reasons why I think computers have a negative effect on people. I hope that you agree with my reasons so we can find a way to get everyone their computers and get active.","Write a persuasive essay to a newspaper reflecting your views on censorship in libraries.
Do you believe that certain materials, such as books, music, movies, magazines, etc.,
should be removed from the shelves if they are found offensive? Support your position
with convincing arguments from your own experience, observations, and/or reading.",1,4,"{'Content': 3, 'Organization': 3, 'Word Choice': 3, 'Sentence Fluency': 3, 'Conventions': 3}","{'Content': '', 'Organization': '', 'Word Choice': '', 'Sentence Fluency': '', 'Conventions': ''}",
170,"Censorship in the Libraries
""All of us can think of a book that we hope none of our children or any other children have taken
off the shelf. But if I have the right to remove that book from the shelf -- that work I abhor -- then
you also have exactly the same right and so does everyone else. And then we have no books
left on the shelf for any of us."" --Katherine Paterson, Author","There are some effects computers have on people that I agree with and disagree with. There are many people in the world that use computers every day and some that use it sometimes. Also it always gives you information everytime you use it. I would think that computers give a positive effect on people. Computers can have their likes and dislikes. Not everytime when you need information the computer won't give it to you. There are some websites that give you the right stuff you want to know and others do not fill your mind with positive things. That is one thing I do not like about computers. Do not think that is too bad because computers have alot more fun adavantages. One of the most common and used thing around the world is instant @CAPS7. Instant @CAPS7 is when you are communicating with another human bean over the online web. Many people use this to get in touch with a close family members or a friend. There are some names for instant @CAPS7 @CAPS1 @CAPS2, @CAPS3, @CAPS4-mail, and many more! Yes, the computer can be very addicting but once in a while you need to get off and maybe get some fresh air. For some people I agree that they stay on the computer to much and became very lazy. This is one disadvantage that can cause you from exercizing and seeing friends and family. There is no problem if you go on for an hour a day maybe more, but to long is not good. There are so many things for the computer I can't name them all @CAPS5, @CAPS6, @ORGANIZATION1, @CAPS7, and even buying things off the computers, those are many of the things you can do on your computer. I love going on the computer time to time doing many things I have talked about. Also if you do have one than reading this @MONTH1 persuade you into getting one. My opinion is that they give you a very positive effect.","Write a persuasive essay to a newspaper reflecting your views on censorship in libraries.
Do you believe that certain materials, such as books, music, movies, magazines, etc.,
should be removed from the shelves if they are found offensive? Support your position
with convincing arguments from your own experience, observations, and/or reading.",1,4,"{'Content': 3, 'Organization': 3, 'Word Choice': 3, 'Sentence Fluency': 4, 'Conventions': 4}","{'Content': '', 'Organization': '', 'Word Choice': '', 'Sentence Fluency': '', 'Conventions': ''}",
1686,"Censorship in the Libraries
""All of us can think of a book that we hope none of our children or any other children have taken
off the shelf. But if I have the right to remove that book from the shelf -- that work I abhor -- then
you also have exactly the same right and so does everyone else. And then we have no books
left on the shelf for any of us."" --Katherine Paterson, Author",Dear: @CAPS1 @CAPS2 @CAPS3. My name is @PERSON1 and I am concernd about people around the world are use computer is to much during the day. Some compute's are bad because there are glitche's in the computer and every one has a myspace and myspaces has a viries and it leaves a vires in your computer and your computer shut's down or goes slow. Also people can hack your computer and you cant find out about and every thing that was on your computer can go around the world. People can kno your most secread's and more. Finly you can get caught macking movies on your computer and go to jail and your business will be out.,"Write a persuasive essay to a newspaper reflecting your views on censorship in libraries.
Do you believe that certain materials, such as books, music, movies, magazines, etc.,
should be removed from the shelves if they are found offensive? Support your position
with convincing arguments from your own experience, observations, and/or reading.",1,3,"{'Content': 1, 'Organization': 1, 'Word Choice': 2, 'Sentence Fluency': 1, 'Conventions': 1}","{'Content': '', 'Organization': '', 'Word Choice': '', 'Sentence Fluency': '', 'Conventions': ''}",
1629,"Censorship in the Libraries
""All of us can think of a book that we hope none of our children or any other children have taken
off the shelf. But if I have the right to remove that book from the shelf -- that work I abhor -- then
you also have exactly the same right and so does everyone else. And then we have no books
left on the shelf for any of us."" --Katherine Paterson, Author","Dear Newspaper, I am writing this better to explain to you how more people in our society would benefit from using computer you can do work in less time it would take to do it manualy. You can interact and make more friends by talking or web chating. Not to forget that it is more entertaning. That is what computers were made for. To help us with tasks or for our personal use. How do computers though help us with work? Lets say that you are having a buisness meeting and you have to write a five page report with pictures and a graphs. It would take you twice the time to do that by hand then with a computer. With a computer, you can type you work which makes it much neater and looks more proffesional, You can copy and paste your images that you can @CAPS1 on the internet. With graph making software, you can easily plug in the data you have collected and the computer will do the rest. If you had to do this by hand, you would have to write extremly neat, @CAPS1 pictures in a newspaper or mabe, even draw them. Then you would have to make the graph by hand making sure not to mess up. It makes it twice as hard, to do a simple task with a computer. What if you want to talk to a friend? With a computer you can easily talk to a friend as to having to write a letter or talk on the phone with a computer you can either chat with a person with writing or even being able to see them on you computer screen. Instead of just hearing voice or waiting two or three days to talk to them. If you have a laptop you can talk to them were every they go or you go. Being able to see the person at your convinience to talk without having to leave you house is a very good thing to have. The benifit are major and it doesn't cost anything to chat. If you have a friend or relative that lives very far away, you can easily go at talk and have a video conference. What about entertainment? The computer is a very valuable too! but we can fun, we can play games or watch videos at as convinience. They don't cost a lot to download at all, they can be played with friends on a web chat or by yourself. Videos you can watch all the time with no ads to interupt you can pause the video too. This is more efficie, they care I very convinient for the average person. Playing games were ever you go is good and again don't art to play or. In conclusion I think that people would be more from using computers this is because it is easier to work with. We can interact with each other. Use it for entertainment. Technology was made to make things easier do we should take advantage of it.","Write a persuasive essay to a newspaper reflecting your views on censorship in libraries.
Do you believe that certain materials, such as books, music, movies, magazines, etc.,
should be removed from the shelves if they are found offensive? Support your position
with convincing arguments from your own experience, observations, and/or reading.",1,5,"{'Content': 5, 'Organization': 5, 'Word Choice': 5, 'Sentence Fluency': 5, 'Conventions': 5}","{'Content': '', 'Organization': '', 'Word Choice': '', 'Sentence Fluency': '', 'Conventions': ''}",
167,"Censorship in the Libraries
""All of us can think of a book that we hope none of our children or any other children have taken
off the shelf. But if I have the right to remove that book from the shelf -- that work I abhor -- then
you also have exactly the same right and so does everyone else. And then we have no books
left on the shelf for any of us."" --Katherine Paterson, Author","Dear local newspaper, @CAPS1 are beinging questioned if the are good for our society or not. I would have to say that they are good and bad you really can't pick a side. These good because children and teens can get the information they need to teach in school, it allows people to chat with others in different places, and it helps hand-eye cordanation. Those were the good here are some bad things about compters. People spend to much time on the computer instead of exercising, they dont' get to enjoy nature, and people stop interacting with friends and family. Anyone can pick a side. I just can't, because i can relate to both sides. For example. one of the good reasons about computers was that you can chat's with other people around the world. I can relate to that because when i live here in @CAPS2 @CAPS3 my mom and stepdad live in @LOCATION1, @LOCATION2 so i don't see them much but thanks to computer i can chat. With them when ever i want to. Honestly i wouldn't know how my life would be like if i didn't have a computer and i wasn't able I @CAPS4 now. Although, can also to one or the bad things about computers, which is that people spent to much time on the them. I can relate to that and so could of the other well, because when i around @NUM1 because go to a after school, go straight on my laptop and around @NUM2. When my grandma @NUM3 pm. She always comes in and ""Your on that thing to much you your hands!"" in her. So in my opinion I believe that coumpters can be good for our socity and bad; for me there is no side to take. Others might feel the same way, and others @MONTH1 not. It's up to them to make a choice, so ask your self,"" @CAPS4 you believe that computers are good or bad for our society?","Write a persuasive essay to a newspaper reflecting your views on censorship in libraries.
Do you believe that certain materials, such as books, music, movies, magazines, etc.,
should be removed from the shelves if they are found offensive? Support your position
with convincing arguments from your own experience, observations, and/or reading.",1,4,"{'Content': 3, 'Organization': 3, 'Word Choice': 3, 'Sentence Fluency': 3, 'Conventions': 3}","{'Content': '', 'Organization': '', 'Word Choice': '', 'Sentence Fluency': '', 'Conventions': ''}",
827,"Censorship in the Libraries
""All of us can think of a book that we hope none of our children or any other children have taken
off the shelf. But if I have the right to remove that book from the shelf -- that work I abhor -- then
you also have exactly the same right and so does everyone else. And then we have no books
left on the shelf for any of us."" --Katherine Paterson, Author",I think computers have a postitive affect on people. Computers are very important to society. You can still interact with Your Family and friends either in @CAPS1 chat or @CAPS2. Computer are also helpful for applying for @CAPS3 like you can look for @CAPS3 you like. You can do @CAPS5 exciseses and useful for @CAPS5 essays. If you have a laptop you can bring it anywhere you want you don't have connect anything it take wireless and you can connect to the @CAPS6. You can look up stuff on the @CAPS6 for your homework and other stuff. Buy things without having to go to the store. These are reasons why computers have a postitive affect on people.,"Write a persuasive essay to a newspaper reflecting your views on censorship in libraries.
Do you believe that certain materials, such as books, music, movies, magazines, etc.,
should be removed from the shelves if they are found offensive? Support your position
with convincing arguments from your own experience, observations, and/or reading.",1,3,"{'Content': 2, 'Organization': 2, 'Word Choice': 2, 'Sentence Fluency': 2, 'Conventions': 2}","{'Content': '', 'Organization': '', 'Word Choice': '', 'Sentence Fluency': '', 'Conventions': ''}",
983,"Censorship in the Libraries
""All of us can think of a book that we hope none of our children or any other children have taken
off the shelf. But if I have the right to remove that book from the shelf -- that work I abhor -- then
you also have exactly the same right and so does everyone else. And then we have no books
left on the shelf for any of us."" --Katherine Paterson, Author","The computer is a good way to contact family and friend. People send messages all over the world or just to fon. People like playing video games or be on websites that they like. People all over the world by laptops to travel to one place to another. Everybody don't be on computer because they think its not go to have but some people do like to have one to be sending messages to hang out with one another or be talking about how was your day. Many people want computer because they do have enough money to @CAPS2 one. Some computers cost a lot @MONEY1 money like, @MONEY3, or @MONEY2 and even more than @MONEY3, or @MONEY2 it depend witch one they get. Around the world many people sell their computers to get money to @CAPS2 different stuff like, shoes, clothes or games. They always sell stuff on ebay to get less or more money, instead they can't take the computer back to get your money or to get a new computer. People want the classic computers, but now they come out with new ones like, touch screen ones. Many people been buying them at @CAPS1 @CAPS2 or @ORGANIZATION1. Every seens the new computers came out people been buying a lot the company been making a lot @MONEY1 money from making the touch screen computers. Every new year the company make new computers so they can get thousands or @MONEY1. Company all over world make different computers to bring out new styles so people can like them and @CAPS2 them. New styles they make more money they make. Some people make their own companies to get money like the other companys get theirs, but some @MONEY1 the money you make some goes to the government. The money the give to the government is to take care @MONEY1 the homeless people. Computers are used from leaning or for fun. People share computers with other people they can't not share it because it wouldn't be fair. Some people take turne using it. Some people don't like taking turn with one another. Everybody share or have they own and they use it or not they can't force their server to it if somebody wants to net on it. Some people lie and say they were geting on it. People like joking around with others. Parents always say a computer is not a tag to play with computers cost a lot to repair and get it fixed all the people spill water on them a the computer mess up and the people be mad and maybe he/she just got a new computer. When computer first came out people bought them to see what they will be like. Many people liked them and it got all over the world and people were talking about them and the company made more and more until it got in stores all over the world. The computer got famase and the company made newer styles for everyone else. People bought a lot @MONEY1 computers everytime they come out with a new style. Many people had @NUM1, or @NUM2 at home as they @CAPS2 them. Companys made other company mad because the other companys were making better styles. People were ordering online to get new computers. And company how make them is making a lot @MONEY1 money. Company stopped making them until they came up with a new computer that is the @CAPS1 one ever. When they came up with one the company was mad that they mad a better one. Some company joined to make one together.","Write a persuasive essay to a newspaper reflecting your views on censorship in libraries.
Do you believe that certain materials, such as books, music, movies, magazines, etc.,
should be removed from the shelves if they are found offensive? Support your position
with convincing arguments from your own experience, observations, and/or reading.",1,4,"{'Content': 3, 'Organization': 3, 'Word Choice': 3, 'Sentence Fluency': 3, 'Conventions': 3}","{'Content': '', 'Organization': '', 'Word Choice': '', 'Sentence Fluency': '', 'Conventions': ''}",
858,"Censorship in the Libraries
""All of us can think of a book that we hope none of our children or any other children have taken
off the shelf. But if I have the right to remove that book from the shelf -- that work I abhor -- then
you also have exactly the same right and so does everyone else. And then we have no books
left on the shelf for any of us."" --Katherine Paterson, Author","@ORGANIZATION1, I believe that we should tell the people of @LOCATION1 about the dangers of using computers too much. For example people who use the computer constently spend less time doing anything else in general. Also the longer you stay on the more you use it, and this habit forms a addiction, which might be hard to break. Finally people who always play video games on computers begin to lose terms of reality. Computers are turning this nation into a bunch of mindless slothes. If you have children, what do you think they do most of their lives. Maybe their going outside and getting exercise, or their brains could be getting sucked into a computer screen. Most kids by the age of @NUM1 have already used a computer for over @NUM2 hour. This shows that kids spend more time using the computer then anything else. I had a friend named @CAPS1 who used the computer @NUM3 and eventually he was so weak and scrawny from lack of exercise that you could snap his arm like a twig. Please, if you don't want your kids to be like @CAPS1, tell them to get up and go play outside. You probably think that using your computer everyday couldn't form an addiction, but computers can be as addictive as drugs. Scientest have found that using the computer everyday for one hour can be enough to form a addiction. In fact if we could scan people to find addiction @PERCENT1 of the @LOCATION2 population would be addicted to computers. This means that @NUM4 years from now the world addiction to computers could be at @PERCENT2 or greater. Do you want to live in a world where almost everyone uses their computers @NUM3, I don't. Video games are one of the greatest advances in computer technology but also one of the deadliest. If you have a computer you will have video games. Small dosages can be fine, but non-stop playing can lead to serious problems. Because of the fantesy content people might start to lose sight of reality. For example, scientest tested a video game on kids, and now @PERCENT1 believe in zombies. Now they cannot ever play the game for it might cause serious brain damage. Just to make sure you get my point, let us recap. More computer means lack of exercise and social interaction, you can easily be addicted, and you can lose your sense of realness. I that you don't want to see you or your kids brillant brains turned to mush by computers.","Write a persuasive essay to a newspaper reflecting your views on censorship in libraries.
Do you believe that certain materials, such as books, music, movies, magazines, etc.,
should be removed from the shelves if they are found offensive? Support your position
with convincing arguments from your own experience, observations, and/or reading.",1,5,"{'Content': 4, 'Organization': 3, 'Word Choice': 4, 'Sentence Fluency': 4, 'Conventions': 4}","{'Content': '', 'Organization': '', 'Word Choice': '', 'Sentence Fluency': '', 'Conventions': ''}",
1051,"Censorship in the Libraries
""All of us can think of a book that we hope none of our children or any other children have taken
off the shelf. But if I have the right to remove that book from the shelf -- that work I abhor -- then
you also have exactly the same right and so does everyone else. And then we have no books
left on the shelf for any of us."" --Katherine Paterson, Author","Dear Local Newspaper, @CAPS1 society should have computers because it teaches you things that a school or job will never teach you, and it allows you to be in contact with your friends and family that you don't see a lot. I would like for you to appreciate my concern on how @CAPS1 society should have computers. First, we should have computers because it teaches us things that we might not have been taught before. I say this because if you wanna know about the @LOCATION1 more and the school or job doesn't teach you as much as you wanna know, then all you have to do is look up on the internet and theres a chance you gonna find it. @NUM1 people would rather have computers to look up things instead of not knowing that much about something at all. Next, we should have computers for @CAPS1 society because we could contact people online that we heven't spoke to. My opinion is that if you haven't to a friend or family member in a while you can talk to them online. Also, if they don't have a phone or if they do but it's long distance and you can't talk to long distance on your phone, you can tlak to them on or email each other, etc. Sample say if your phone isn't working and the only thing that's working is your computer you to it in contact with somebody. All you gotta do is talk to them online. Would you rather talk on the phone or computer. In conclusion, @CAPS1 society should have computers because we could learn about things more and we could chat with people. I would like for you to aprreciate my concern on having computers in @CAPS1 society.","Write a persuasive essay to a newspaper reflecting your views on censorship in libraries.
Do you believe that certain materials, such as books, music, movies, magazines, etc.,
should be removed from the shelves if they are found offensive? Support your position
with convincing arguments from your own experience, observations, and/or reading.",1,4,"{'Content': 3, 'Organization': 4, 'Word Choice': 3, 'Sentence Fluency': 4, 'Conventions': 4}","{'Content': '', 'Organization': '', 'Word Choice': '', 'Sentence Fluency': '', 'Conventions': ''}",
441,"Censorship in the Libraries
""All of us can think of a book that we hope none of our children or any other children have taken
off the shelf. But if I have the right to remove that book from the shelf -- that work I abhor -- then
you also have exactly the same right and so does everyone else. And then we have no books
left on the shelf for any of us."" --Katherine Paterson, Author","Dear Local Newspaper: Computers have become a major part of peoples lives. The effects computers have on people are only negative. Nothinggood comes out of using a computer. This is because computers are time consuming from in other activities, computers are not always working which leads to people getting angry, and using computers is bad for your health. I know you have a difficult decision to make but after reading what I have to say, their will be no doubt that you will agree. Using computers is very time consuming. People don't realize how long they have been using the computer. Once you start using it, your hooked and it's hard to stop. A poll was taken and out of @NUM1 kids, @NUM2 of them said they felt groggy and had headaches, after using a computer for two hours. The way computers make you feel is not enjoyable. But while your using the computer it's entertaining, for example, your on @CAPS1 and your talking to your friend and your laughing at them & enjoying yourself, but it's not the computer that's making you happy, it's the person, you might as well see them in person. There for, computers are time consuming & should not be used. Copmputers are not reliable, they have minds of their own. Many people do always rely on their computer and when it doesn't work it causes the person to get angry or frustated. Computers have a vast impact on people, but they shouldn't have to. Dr. @PERSON2 at @ORGANIZATION1 says that @PERCENT1 of @CAPS2's frustration & anger is caused by non-working computers. If the use of computers was lowered anger that people have would lower and would lead to other positive things as well. Furthermore, computers are not realiable and cause people to get angry. My final reason is that, computers cause health issues and cause people to be lazy. The obesity rate is higher than ever and people sitting on the computer all day is not helping. @PERCENT2 of obesity is caused by the use of computers. @PERSON1 at @ORGANIZATION2 says that @NUM3 out of @NUM4 people who don't use computers are much healthier because instead of using computers they exercise. There for, computers cause health issues. In conclusion, computers effect people because they are time consuming, you can't rely on then and it's bad for your health. There for, computers have negative effects on people. ","Write a persuasive essay to a newspaper reflecting your views on censorship in libraries.
Do you believe that certain materials, such as books, music, movies, magazines, etc.,
should be removed from the shelves if they are found offensive? Support your position
with convincing arguments from your own experience, observations, and/or reading.",1,4,"{'Content': 4, 'Organization': 4, 'Word Choice': 3, 'Sentence Fluency': 3, 'Conventions': 3}","{'Content': '', 'Organization': '', 'Word Choice': '', 'Sentence Fluency': '', 'Conventions': ''}",
1710,"Censorship in the Libraries
""All of us can think of a book that we hope none of our children or any other children have taken
off the shelf. But if I have the right to remove that book from the shelf -- that work I abhor -- then
you also have exactly the same right and so does everyone else. And then we have no books
left on the shelf for any of us."" --Katherine Paterson, Author","Wouldn't you agree that computers have a great affect on people. The three reason why they have a good affect on people is because, it gives you good typing skills, its educational, and it helps you out with alot of things. The first reason why computers have a good affect on people is because computers help your typing skills. If you have a computer you will soon learn that your typing skills get very good. Each time you use the computer your hands ajust to the keys on the computer. Say if there is someone that wants to work with computers when they get older, well if they practice their typing on their computers at home they will be eligible for the job working with computers. Also computers could be good for the hearing impared. If the hearing impared use to the computers then they can get a @CAPS1 or @CAPS2 and chat with people online. This would be useful to them because since they could not hear what people say they can read what people say through the internet. Another reason why computers have a good affect on people is because they are very educational. In my opinion, computers are very educational because there are alot of websites that teach you facts about different places. For example, what food people eat in different countrys, or where that country is. A website that is the best for finding out accurate facts is www.Ask.com. Ask.com is the best website because it tells you what ever you want to know in a matter of seconds. Computers are also educational when it comes to school projects because of these amazing websites. The last reason why computers have a affect on people is because they help you with alot of things. They help you with alot of things because if you want to know how far @LOCATION2 is from @LOCATION1 then you can go on your pc and find out, or say that you lost the directions to your friends house and your on your way to their house if you brought your labtop you can go on the labtap and find where her house is from your labtop. I know your probably thinking there is such thing as a gps, well if you think about it gps's can be confusing, but your computer reads it out to you. Know your probably saying in your heads why don't you text/call @CAPS3/@CAPS4 if you think about it what if your friend does not talk clearly. In conclusion, wouldn't you agree that computers do have good effects on people. My three arguments are, they help your typing skill educational. They help you with things. please take my ideas into consideration.","Write a persuasive essay to a newspaper reflecting your views on censorship in libraries.
Do you believe that certain materials, such as books, music, movies, magazines, etc.,
should be removed from the shelves if they are found offensive? Support your position
with convincing arguments from your own experience, observations, and/or reading.",1,5,"{'Content': 4, 'Organization': 5, 'Word Choice': 5, 'Sentence Fluency': 5, 'Conventions': 5}","{'Content': '', 'Organization': '', 'Word Choice': '', 'Sentence Fluency': '', 'Conventions': ''}",
1682,"Censorship in the Libraries
""All of us can think of a book that we hope none of our children or any other children have taken
off the shelf. But if I have the right to remove that book from the shelf -- that work I abhor -- then
you also have exactly the same right and so does everyone else. And then we have no books
left on the shelf for any of us."" --Katherine Paterson, Author","Many people think computers are bad or that we spend less time outside because of them. But are they are bad for individuals to use as people say they are. In this instance, a moderation would be helpful. When you think of computers, what comes to mind. Games? Social @CAPS1? What if computers are doing more than that? Last year, a computer helped diagnose a concussion of mine and helped figure out I've had @NUM1 others. Not to mention the computer did quicker and more efficient than a regular human. An expert says ""Computers diagnose anything, not just concussions, @PERCENT1 better than doctors."" @CAPS2 the social netwowrking has a positive aspect. This has let people, who haven't seen each other for a long time, reconnect and become good friends again. With the positive aspects there is always a negative. Computer have started to make kids obese. This is problem in the country because if we become lazy then we could ruin our country. In addition, if we become has reliant of computers @NUM2 diagnos, what happens when they get faulty? These are problems that are very real and aren't being with. If we cant deal with these problems first then computers will turn out to be a bad thing. Lastly, a moderation could be extremely helpful for us today. For example, instead of using social @CAPS1 for friends next door, go outside and play wiffle ball with them. Social @CAPS1 was made to reconnect with friends far away, not across the street. @CAPS2, instead of totally reling on computers to diagnose problems, have them and the doctor find out. Doing this will get great results and keep doctors prepared if computers, dont work. These are just a examples how moderation could be very helpful to everyone. In conclusion, having no computers wouldn't be a great idea because of how much they help society. Although, being totally dependent on them is a bad idea to because they don't have that much benefit to them.","Write a persuasive essay to a newspaper reflecting your views on censorship in libraries.
Do you believe that certain materials, such as books, music, movies, magazines, etc.,
should be removed from the shelves if they are found offensive? Support your position
with convincing arguments from your own experience, observations, and/or reading.",1,4,"{'Content': 5, 'Organization': 5, 'Word Choice': 4, 'Sentence Fluency': 5, 'Conventions': 5}","{'Content': '', 'Organization': '', 'Word Choice': '', 'Sentence Fluency': '', 'Conventions': ''}",
1066,"Censorship in the Libraries
""All of us can think of a book that we hope none of our children or any other children have taken
off the shelf. But if I have the right to remove that book from the shelf -- that work I abhor -- then
you also have exactly the same right and so does everyone else. And then we have no books
left on the shelf for any of us."" --Katherine Paterson, Author","@ORGANIZATION1, @CAPS1 there is alot of talking and arguing about computers. Some say they are helpful to society and others say not. As for myself I am one of those on the side of which is for computers. I think the do alot less harm than good. First of all the hand-eye cordination of the user is mostly improved over a period of time, which helps withe learning musical instruments. Also it gives a great learning ability to people, particularly student. If there were computers, for a student to do a report he/she would have to read through an encyclopedia, which takes a great amount more time than plainly looking it up on the internet. Finaly computers are great for communicating with far-away friends or family. The first subject on my agenda is the hand-eye cordination skills. These skills are the ability to work with your hand and eyes simultaniously. There is a number of impacts these skills can make. The most apparent is musical instruments. If you are trying to learn a new song to be played on guitar you must move your fingers to the notes coresponding with the screen. Another place where hand-eye cordination comes in handy is sports. One sport where hand eye cordination makes a huge impact is in football. If the ball is thrown then the wide recever must watch the ball with his eyes and make sure he puts his hands in the best position to catch the ball. I am also going to argue the vost world of learning that is provided by computers. Lets just say someone asks you who was the @NUM1 president of the @ORGANIZATION2 where would you go to find that answer? I don't know about you but I am definatley going to look it up on google (internet search engine). Also schools @CAPS1 can ask alot more of their students because they have all this information at there desposal. Lastly I would like to cover the communications abilitys that the computer puts out there. First of all let say you have a very close friend move out-of-state"" how are you going to keep in touch. You could try using phones but yet the long-distance fees have sky-rocketed over the past @NUM2 years. Did you know that if you talk long distance for @NUM3 mins a day that would be over @NUM4 a month. in todays ecconmy you need to save money not talk it all away. The internet charges no additional fees for chatting no matter how far away you are from each-other. So hopefully my letter will be able to surposs ""@CAPS2'bama's failed health care bill"" to at least make it somewhere in the paper. People need to know the facts about computers before they try to argue about them.""","Write a persuasive essay to a newspaper reflecting your views on censorship in libraries.
Do you believe that certain materials, such as books, music, movies, magazines, etc.,
should be removed from the shelves if they are found offensive? Support your position
with convincing arguments from your own experience, observations, and/or reading.",1,5,"{'Content': 6, 'Organization': 5, 'Word Choice': 5, 'Sentence Fluency': 5, 'Conventions': 5}","{'Content': '', 'Organization': '', 'Word Choice': '', 'Sentence Fluency': '', 'Conventions': ''}",
1571,"Censorship in the Libraries
""All of us can think of a book that we hope none of our children or any other children have taken
off the shelf. But if I have the right to remove that book from the shelf -- that work I abhor -- then
you also have exactly the same right and so does everyone else. And then we have no books
left on the shelf for any of us."" --Katherine Paterson, Author","In my own opinion I think that people should get less time on computers more time exercising, enjoying, nature, and interacting with family and friends. If people spend time on computers they will not get off and be stuck on computers then spending time like going to the park, or the mall. For my second opinion that people should not get off of computers because it they ever leave somewhere far they are not to be able to contact you. If you on the computer you could get a computer that say's a free labtop then you could take it far like: On a airplane to north carolina, or virginia, or wasington @ORGANIZATION1, or a party, or a road trip, or on a ferry boat to the long island sound. For my third opinion that I agree people should not be off of computer because they might plan a trip to a far away place or a new house, or planing a anerveriry, or a new spot for a hunny moon a gorgest place like ona peek hill or at a hotel with a bed shape like a heart. For my fourth paragraph that I agree that people should not be off of computers that the count a location than person house or a location where they might be for that particular spot where that person is. For the fifth paragraph that I agree that people should not be able to get off of computers. I tell you why planning a birthday party for there child, or going to someone house for a visit like to tennessee. Or going to @CAPS2 @CAPS3 to see a basketball team and @CAPS1.S a another team and they are call @CAPS2 @CAPS3 lakers us caverlars. My conclusion is that people should not to be able to get off of computer.","Write a persuasive essay to a newspaper reflecting your views on censorship in libraries.
Do you believe that certain materials, such as books, music, movies, magazines, etc.,
should be removed from the shelves if they are found offensive? Support your position
with convincing arguments from your own experience, observations, and/or reading.",1,4,"{'Content': 3, 'Organization': 3, 'Word Choice': 2, 'Sentence Fluency': 2, 'Conventions': 2}","{'Content': '', 'Organization': '', 'Word Choice': '', 'Sentence Fluency': '', 'Conventions': ''}",
1463,"Censorship in the Libraries
""All of us can think of a book that we hope none of our children or any other children have taken
off the shelf. But if I have the right to remove that book from the shelf -- that work I abhor -- then
you also have exactly the same right and so does everyone else. And then we have no books
left on the shelf for any of us."" --Katherine Paterson, Author","Dear Newspaper: I have just read your recsent article on a weather computers are helping, or recking society. I think it is helping because without the internet I can't learn how to do things such as clear a the proper way. This takes time to learn but out over internet I learned it quickly. If you do this the wrong way it could blow out of the bold and potentially you. There are many other uses is you just can't find your family is counting on you. You can do two things, you can panic and let everyone down, you can go or the internet and save. But all I have wasn't to the real. The computer does effect how people exercise I know what you are. but you have. Clear enough. The internet does effect how you exercise. It's pros how to better and more affective ways to healthy. There is also cons; some of the con sinclude hot. All of these can lead to different things like going or. it isn't, its only a bad thing when your. In conclusion just do the right things and you will be healthier than ever.","Write a persuasive essay to a newspaper reflecting your views on censorship in libraries.
Do you believe that certain materials, such as books, music, movies, magazines, etc.,
should be removed from the shelves if they are found offensive? Support your position
with convincing arguments from your own experience, observations, and/or reading.",1,4,"{'Content': 3, 'Organization': 3, 'Word Choice': 3, 'Sentence Fluency': 3, 'Conventions': 3}","{'Content': '', 'Organization': '', 'Word Choice': '', 'Sentence Fluency': '', 'Conventions': ''}",
31,"Censorship in the Libraries
""All of us can think of a book that we hope none of our children or any other children have taken
off the shelf. But if I have the right to remove that book from the shelf -- that work I abhor -- then
you also have exactly the same right and so does everyone else. And then we have no books
left on the shelf for any of us."" --Katherine Paterson, Author","I agree that computers deffinately are an advantage to our society. I think this because they help us communicate and video chat with family and friends online, used as a great tool with school work, or work purposes. Most of all for the enjoyment of children and now the fun computer games help them prepare for real life consequences,like how the game webkinz teaches kids to care for pets. ""@CAPS1 you have a @CAPS2?"" @CAPS3 @CAPS4, my @CAPS5. ""@CAPS6, please friend request me"", I replied. Later that night, I get home and check my @CAPS2, a new notification pops up and I am now friends with my @CAPS5 @CAPS4. My entire family is on @CAPS2 and I think it's so usefull for several reasons, like making plans and parties. I hate writing invitations, but now every year for my birthday party I just type them up, taking less than five minutes. Or, for an even simpler way of sending invatations you can even just type an email or @CAPS2 message. In fact, I just got invited to a party yesterday over @CAPS2. It's so easy, you just create an event and tag all of your friends in the note. Also, it's so easy to get @CAPS13's because you automatically get notified. Technology like this drastically makes life easier. For example, have you ever gotten something new and just can't wait to show your friends? Well, now you can, in the comfort of your own home. All you need is a webcam and you can instantly connect with one of your friends that have one too. ""@CAPS14, @PERSON1! I love what you've done to your room, the pink wallpaper is so cute!"" I said. ""@CAPS15 you! I love your hair today. It's so pretty,"" says @PERSON1. I love webcamming with my friends because you can see and hear them as if they were in the same exact you. As you can see, webcamming is so much easier than spending more time money, and my moms time and getting a ride over her house. Computers make life so much more convienent. Another example how this is so much easier is now computers help you with school work. Have you ever had to write a report? Well, now many times teachers especially enjoy them typed because many students have messy hand writing and most kids won't like writing it anyways. Like myself, I type faster than I write and that's why I agree @PERCENT1 that computers benefit society. Most importantly, computers can help you find a good job online and even help type a great resume for you. How impressive would that be? If I was applying for a professional position of a job, I know I'll type my resume. In conclusion, that's how computers are so helpful, beneficial, important and fun to our society.","Write a persuasive essay to a newspaper reflecting your views on censorship in libraries.
Do you believe that certain materials, such as books, music, movies, magazines, etc.,
should be removed from the shelves if they are found offensive? Support your position
with convincing arguments from your own experience, observations, and/or reading.",1,5,"{'Content': 3, 'Organization': 3, 'Word Choice': 3, 'Sentence Fluency': 4, 'Conventions': 3}","{'Content': '', 'Organization': '', 'Word Choice': '', 'Sentence Fluency': '', 'Conventions': ''}",
457,"Censorship in the Libraries
""All of us can think of a book that we hope none of our children or any other children have taken
off the shelf. But if I have the right to remove that book from the shelf -- that work I abhor -- then
you also have exactly the same right and so does everyone else. And then we have no books
left on the shelf for any of us."" --Katherine Paterson, Author","Welcome to the @DATE1. In this day in age, numerous advances in technology are being made everyday. The one advance that has stood out above the rest is the invention of the computer. For just one invention, the computer has many capabilities: @CAPS1 access for educational purposes, keeping people in touch, and opening people up to new aspects of life. The computer has helped mankind with various discoveries about our world. As far as many can see, this piece of technology has positive effects on people everywhere, everyday. The new trend in schools all around the globe is the addition of computers or a computer lab. The reason for this is that this technology takes learning to places it has never gone before. Whether a student has to write on essay about the presidency of @PERSON1 or obtain background information for a science experiment about paper towel also bency a computer can aid them in finding the information they need. Programs like @ORGANIZATION1 allow @CAPS1 to present their work in a new and efficient way. For children that don't ""school or adults that want a college education, computers let them learn what they need to from online schools. It is also important to @CAPS1 that they can keep in touch with friends after school hours. Computers are able to help them with this. How many times has it been said that communication is key to a healthy relationship? Computers, believe it or not, are on easy and way to maintain contact with far away people. Some friends and family keep in touch completely by computer. Because they don't live close enough to visit daily. If one is cautious and uses internet safety techniques they can make new friends with common interests through computers. This contact with new people is just one way that computer is croaden one's horizons. Computers are like keys; they open doors to new places and ideas. The use of this technology can old people in discovering so many new things they have never known before. Computers can help open people up to unique genres of music they have never listened to before. On the internet, there are many video tutorials that teach people different skills for free. In one's spare time, they could use a computer to research the people of @LOCATION1 or the pyramids of @LOCATION2. Any way a computer is used has the potential to have a positive effect on someone. In the @DATE1, computer are essential to evey day life. It is imperative that you decide whether you are for this remarkable pece of technology or against it. It is astounding what you could learn from just hopping on a computer. Especially keep in mind that computers are for more than just entertainment: they're for education as well. So what are you waiting for? Discover how great an impact computers can have on your life with just a click of the mouse.","Write a persuasive essay to a newspaper reflecting your views on censorship in libraries.
Do you believe that certain materials, such as books, music, movies, magazines, etc.,
should be removed from the shelves if they are found offensive? Support your position
with convincing arguments from your own experience, observations, and/or reading.",1,5,"{'Content': 5, 'Organization': 5, 'Word Choice': 6, 'Sentence Fluency': 6, 'Conventions': 6}","{'Content': '', 'Organization': '', 'Word Choice': '', 'Sentence Fluency': '', 'Conventions': ''}",
1261,"Censorship in the Libraries
""All of us can think of a book that we hope none of our children or any other children have taken
off the shelf. But if I have the right to remove that book from the shelf -- that work I abhor -- then
you also have exactly the same right and so does everyone else. And then we have no books
left on the shelf for any of us."" --Katherine Paterson, Author","Have you ever had someone move away and you wanted to keep in touch? Well having a computer allows this to happen. @CAPS4, it gives students the to learn different places. People and much more. But why do some people not hire them? First computers allow you to talk online with friends and family. For example using email, @CAPS1 and video chat for example I have a friend who moved away and now we email back and forth to keep in touch. @CAPS1 allows people to chat instintly and upload pictures and videos. For examples my @CAPS2 @CAPS3 pictures of my baby cousins so people can see how their growing up. Lastly, some buessnesses use a webcam to talk to other people. Say the boss on a the but to see how he employees were doing withness him he could hook up a web cam and have a conversation with them. That is how computers allow people to the @CAPS4, computers @CAPS4 people to learn about things, for example if a student rod to make a topic they could type the topic a website like bring or google and they could find all the answers they needed to help them with their project. @CAPS4 if a family wanted to go on to see they could search for it and find a hotell and sites they might want to see that is how computer allows people so that the reader can read their hand writing. @CAPS4 they help pay taxes. For example, turbo tax is an online program that allows people to pay taxes online and it remembers every tax you have paid. So if some company sends you a notice saying you havent payed a bill you can go on turbo tax and check. So reader these are some ways why people should enjoy computers. They allow people to talk to friends and family by email, @CAPS1, and @CAPS4 by webcam. They @CAPS4 give people the ability to learn information faraway places and people. Lastly what is so bad about having a computer? They allow people to pay taxes online and @CAPS4 type papers. Computers are needed in this day and age or else some people would not be able to survive without them. So reader these are some reasons why people should easily computers.","Write a persuasive essay to a newspaper reflecting your views on censorship in libraries.
Do you believe that certain materials, such as books, music, movies, magazines, etc.,
should be removed from the shelves if they are found offensive? Support your position
with convincing arguments from your own experience, observations, and/or reading.",1,5,"{'Content': 4, 'Organization': 5, 'Word Choice': 4, 'Sentence Fluency': 4, 'Conventions': 4}","{'Content': '', 'Organization': '', 'Word Choice': '', 'Sentence Fluency': '', 'Conventions': ''}",
101,"Censorship in the Libraries
""All of us can think of a book that we hope none of our children or any other children have taken
off the shelf. But if I have the right to remove that book from the shelf -- that work I abhor -- then
you also have exactly the same right and so does everyone else. And then we have no books
left on the shelf for any of us."" --Katherine Paterson, Author","Dear Local Newspaper, Have you ever gone somewhere, taken pictures, and posted them on the computer? If you have you will remember where you visited. But atleast you went to @ORGANIZATION1, or @LOCATION1 or somewhere. There are some people who are on the computer all day. Instead of experiencing nature and taken on @CAPS1 life brings to them, they are on facebook or youtube all day. This disgusts me because there are many fun, beautiful, and entertainings things to do. In @CAPS2 opinion I think computers have negative effects on people. People miss out on enjoying nature or interacting with friends and family. Some people do not get exercise anymore and it hurts to see obese people just sit ther and do nothing about there lives. First I'd like to talk about obesity. Did you know that @PERCENT1 of children are obese at young a young age? Computers take the place of exercising for a young boy or girl. They should go outside and play sports like basketball or soccer. Another thing is those game websites. Children get so caught up in a computer game, everything around them just disappears. All they worry about is winning the game. While playing this game they might eating doritos. Sooner or later five pounds is gained. Then they will regret not exercising and not be able to move. Later in life, when things are bad for them, they will realized on how many fantastic things they missed. Then they will say ""@CAPS1 did I do with @CAPS2 life?"" @CAPS2 next point shows that people are not enjoying nature. Have you ever taken a nice walk in the park? I know I have. Well people sit inside all day just taking a peek out the window, but don't think about going outside. Nature is beautiful, smells nice, even refreshing at times. But no. People sit on there butt all day. On the computer accomplishing absolutely nothing. Why can't they go outsite for a walk or a jog? People can see animals like squirrels climbing up a tree. How cute. But instead they play a virtual game where you shoot squirrels with a paint ball gun. So much is missed because of computers. As much as not enjoying nature upsets me, some people blow off their own family just to watch a re-run of family guy on youtube. @CAPS1 have we come to? Some children hit their parents because the parents shut the computer off. I'd rather enjoy a meal with @CAPS2 family and then just sit down, relax, and talk. Also some people don't get sleep becuse they are ""doing something important"" and miss a family trip or even school. In conclusion I believe that computers are bad because of obesity, missing nature, and not enjoying company of family & friends.","Write a persuasive essay to a newspaper reflecting your views on censorship in libraries.
Do you believe that certain materials, such as books, music, movies, magazines, etc.,
should be removed from the shelves if they are found offensive? Support your position
with convincing arguments from your own experience, observations, and/or reading.",1,5,"{'Content': 5, 'Organization': 4, 'Word Choice': 4, 'Sentence Fluency': 4, 'Conventions': 4}","{'Content': '', 'Organization': '', 'Word Choice': '', 'Sentence Fluency': '', 'Conventions': ''}",
915,"Censorship in the Libraries
""All of us can think of a book that we hope none of our children or any other children have taken
off the shelf. But if I have the right to remove that book from the shelf -- that work I abhor -- then
you also have exactly the same right and so does everyone else. And then we have no books
left on the shelf for any of us."" --Katherine Paterson, Author","Do computers really benifit society? This has been a tricky question for years. Some people say computers are a huge help and it allows us to see the world through a different perspective; we learn more from computers and this vast increase in tecknology. Though others say computers are addicting, it is the @CAPS2 unsafe and unsecure machine to be using especially when it is left a lot of personal files on it while hooked up to the internet. Plus people spend more time on a computer than ever, missing out on thier families and friends, not being able to enjoy nature and the other simple things in life. Besides, if you want my honest opinion, computers should only be used as tools. ""The fact is many people look to computers as personal diaries or something to save files on or even something to play games on,"" says @PERSON2. ""They ignore the biggest fact that computers are only used to make life easier."" This is really what computers are made to do, help us. It could be as simple as a @CAPS1 (@ORGANIZATION1) or as complexed as a super computer but it still only serves the main purpose of making life easier. Even if you tried to upgrade a computer it would still serve the same purpose, yet people still look on it as if it were still the next big thing in entertainment. Many people might not even know it yet but computer can turn on you and really ruin your life. Ever since @PERSON1 made @ORGANIZATION2 the @CAPS2 popular disk @ORGANIZATION1 @ORGANIZATION1 around, people have been using computers alot. Its not because he created the fastest computer ever. It is because @ORGANIZATION2 is selling world wide; for buisnesses, small companies, schools, even in entertainment. A few years ago they made something called the xbox @NUM1. It revolutionized both gaming and the way people look at gaming. But whats the problem here? The problem is that because of @ORGANIZATION2 people are now more addicted to entertainment. When this happens people will start becoming dependent on a computer. Its not that @ORGANIZATION2 did anything bad but the fact that since @CAPS2 computers have internet, those people who depend on computers are going to find it hard to avoid being hacked or worse getting all their information stolen. There is this one thing about computers that remains constant. Family and friends will find it hard to talk to there loved one when they spend all there time on computers. This makes comunication hard, and like I said before its very addicting. ""@CAPS2 of the people who don't have real friends will chat with people online not knowing who they really are."" says @CAPS3 @PERSON3. Making friends online is the @CAPS2 unsafe thing to do on a computer. Over @PERCENT1 of the people online are not who they say they are and people will often break away from thier real friends just to find this new ""friend"" they've made. So remember, even though computers are","Write a persuasive essay to a newspaper reflecting your views on censorship in libraries.
Do you believe that certain materials, such as books, music, movies, magazines, etc.,
should be removed from the shelves if they are found offensive? Support your position
with convincing arguments from your own experience, observations, and/or reading.",1,5,"{'Content': 5, 'Organization': 4, 'Word Choice': 5, 'Sentence Fluency': 4, 'Conventions': 4}","{'Content': '', 'Organization': '', 'Word Choice': '', 'Sentence Fluency': '', 'Conventions': ''}",
1392,"Censorship in the Libraries
""All of us can think of a book that we hope none of our children or any other children have taken
off the shelf. But if I have the right to remove that book from the shelf -- that work I abhor -- then
you also have exactly the same right and so does everyone else. And then we have no books
left on the shelf for any of us."" --Katherine Paterson, Author","I think that computers have a good effect on people. When people are on the computer they are not on for very long. I also think computers have a good effect on people because of the new technology. Computers are positive and they can help you when you are stuck or need to look something up. To me computers are positive. When people go on the computer ther are not on for @NUM1 hours straight. Sure they might be on @NUM1 hours in a day but they do other stuff in between like school, meals and activities. Some people need computers for their @CAPS1. News @CAPS2 companies need computers for editing and printing out the papaer. They also put the news on there website. What would most people do without a computer? Computers are positive because of the new technology! The new technology is helping people interact over the. if you have a long distance friend or family member, there are how many ways to talk to them. You could use @CAPS3, skype, oovoo, @CAPS4 or even email. When I go on the computer I dont just sit and watch @CAPS5 @CAPS6 or @CAPS7 online. I interact with my friends @PERCENT1 of us population between the ages @NUM3 have a @CAPS3. @PERCENT2 have skype or oovoo and talk to people that are too far away to visit. Computers are positive because they can help you with school that you don't know just go on the internet and look it up if you need to translate @CAPS8 to @CAPS9 just go on the computer and translate it. @PERCENT3 of people learned a dictionary there own using the internet. If there is a word you want to know and isn't i the dictionary look it up and it will be online. Computers have a positive effect on people. Nobody spends so much time on the computer that they can't go outside or hang out with there friends. People actually need the computer for their @CAPS1 the new technology that is coming out is letting people interact with people across the world. They are positve to have for school work, definitions and even translation. Computers are not negative and they dont take away what you should do in life.","Write a persuasive essay to a newspaper reflecting your views on censorship in libraries.
Do you believe that certain materials, such as books, music, movies, magazines, etc.,
should be removed from the shelves if they are found offensive? Support your position
with convincing arguments from your own experience, observations, and/or reading.",1,3,"{'Content': 3, 'Organization': 3, 'Word Choice': 4, 'Sentence Fluency': 4, 'Conventions': 4}","{'Content': '', 'Organization': '', 'Word Choice': '', 'Sentence Fluency': '', 'Conventions': ''}",
1646,"Censorship in the Libraries
""All of us can think of a book that we hope none of our children or any other children have taken
off the shelf. But if I have the right to remove that book from the shelf -- that work I abhor -- then
you also have exactly the same right and so does everyone else. And then we have no books
left on the shelf for any of us."" --Katherine Paterson, Author","Computers have alot of impact on peoples life! Computers can be helpful and distracting at the same time. I have a computer, but I can only go on if after I finish my homework. I do alot of things on my computer mostly games and social websites like myspce. Computers can be helpful by helping you with homework or find information. I use my computer for homework alot like for project or if i dont know what the subject is about. I also think the computers are helpful by talking to friends or family. I talk to my family alot and they live all the way in @LOCATION1. I go on myspace like five times a week. Computers can also be a distration by making people lazy and have bad websites. Like myspace can be dangerous. If you tell someone all your important information and you don't know them. That can turn out very bad. Alot of people dont even get off the computer. I have alot of family members that only get up to go on the computer or play video games. They don't get off too. There on like for eight hours. My mom also uses the computer to go on @CAPS1. She talks to alot of her friends that she left in @LOCATION1. She still talks to the people in high school, but she mostly talks to her older sister. She's not on the computer for @NUM1. She's on like for @NUM2 minutes to an hour. I think computers can help in life, but not to be on for like eight hours. You'll see what you will turn if you do that every. My cousins are getting bigger and bigger. I don't mean height. So if you do go on the computer not for almost half the day! ","Write a persuasive essay to a newspaper reflecting your views on censorship in libraries.
Do you believe that certain materials, such as books, music, movies, magazines, etc.,
should be removed from the shelves if they are found offensive? Support your position
with convincing arguments from your own experience, observations, and/or reading.",1,4,"{'Content': 3, 'Organization': 3, 'Word Choice': 4, 'Sentence Fluency': 4, 'Conventions': 4}","{'Content': '', 'Organization': '', 'Word Choice': '', 'Sentence Fluency': '', 'Conventions': ''}",
1517,"Censorship in the Libraries
""All of us can think of a book that we hope none of our children or any other children have taken
off the shelf. But if I have the right to remove that book from the shelf -- that work I abhor -- then
you also have exactly the same right and so does everyone else. And then we have no books
left on the shelf for any of us."" --Katherine Paterson, Author","Dear @CAPS1 @CAPS2, @CAPS3 a computer is a benefit. They help us in so many ways. It is very helpful, it could make someone's life easier to handle. You could keep in touch with old friends or family. It would be easier for work, and when you're bored, you could play some fun games. It's very hard to have family you can't see and keep in touch with! With a computer you could send messages and photo's to interact with them. You wouldn't have to worry about ever losing communication with them. You could also meet new people. Get new friends from anywhere in the world! Have friends from all different race and culture. Computer's are a great way to interact with others, whether its family or friends. It's always had to do work when you have no clue what it's about! if your ever @CAPS3 trouble on something you could always look up information about it. You could learn how to do things or learn more information about a certain item. When you have homework and don't know the meaning of a word, you could always look up the definition of it. They also hold your information. For example, instead of @CAPS3 a ton of papers you could simple just save it in your computer. Then you could print it out whenever you need it. Computers make work easier and help you organise better. Computer's also amuse you as well. When you have nothing to do, you could play alot of fun game's. You could also watch music video's or funny videos to get you laughing. They have practicly anything you want to play. You would hardly ever get bored! As you see, computer's are a benefit to people. It's always helpful when you could keep in touch with anyone, have help with your work, or simply keep yourself entertained. Without computers life would be harder and boring!","Write a persuasive essay to a newspaper reflecting your views on censorship in libraries.
Do you believe that certain materials, such as books, music, movies, magazines, etc.,
should be removed from the shelves if they are found offensive? Support your position
with convincing arguments from your own experience, observations, and/or reading.",1,4,"{'Content': 4, 'Organization': 4, 'Word Choice': 4, 'Sentence Fluency': 4, 'Conventions': 4}","{'Content': '', 'Organization': '', 'Word Choice': '', 'Sentence Fluency': '', 'Conventions': ''}",
1250,"Censorship in the Libraries
""All of us can think of a book that we hope none of our children or any other children have taken
off the shelf. But if I have the right to remove that book from the shelf -- that work I abhor -- then
you also have exactly the same right and so does everyone else. And then we have no books
left on the shelf for any of us."" --Katherine Paterson, Author","Dear The @CAPS1 newspaper, @CAPS2 in front of a @CAPS3 @CAPS1 after @CAPS1. Oh, how much you want to just relax in the natural free air, but with all the advances in technology you feel it's your job to always be updated. I believe that advances in technology have had a negative affect on people. People aren't exercising interacting with family and friends in person, or having the ability to enjoy nature. Exercising means getting your hear to pound, your body to sweat and me because of endorprimes that ultimately make you feel better. @CAPS2 in front of a @CAPS3 all @CAPS1 does not support you with the natural urge to exercise. People who support advances in technology say, ""@CAPS3 are able to teach you hand-eye coordination."" @CAPS4, coordination is important but your body as a whole should also be put with account as well @PERSON1, voted # @NUM1 cardiologist in world says, ""more and more people are suffering from heart disease & attacks every year!"" be goes on to say, ""many links have been theorized to this on going problem, But none seem to up as well as my theory. I believe peoples lives have been overcome by technology. More and more cases have samt to the people being addicted to their computers. Its unbelieveable but, @CAPS5 individuals have a @PERCENT2 higher chance of developing heart disease!! There are many healthier things you can absorp yourself in. Like tennis for example In tennis you have to develop hand-eye coordination in order to hit the ball. Correctly. Tennis also increase your heart rate & burn fat cells, to help you lose weight. Statistics show that @NUM2 out of @NUM3 people say tennis have actually made them more confident. This is because when people are able to have the determination to lose weight and head healthier , they feel they can can over the world. Isn't this the attitude everyone needs? Nature is all over and helps us are even if @CAPS4 don't notice. Like trees, they take in @NUM4) and release oxygen. Oxygen is key to life. Trees also are home to many living organisms. Like the saumel woodpecker or even owl. They all rely on trees to survive. But, if you are on the @CAPS3 @NUM5' hours a @CAPS1 @DATE1 you @MONTH1 not realize the nature and . Nature is a beautiful thing that over @PERCENT3 of peoploe say they enjoy relaxing outside, listening to birds singing morningsongs or a dear minding their own business feeding with their young watching. But, advances in technology also ruin this time belance of nature. Technology needs a power source, google, for example states to the press that,"" our business surely enjoys nature but needs to also run their corporation"". They go on to say.""we get our energy from oil and coal"" @CAPS5 according, to scientists like boy say that , oil primary source for big corporations. It is for but they don't keep in mind the fact over a million each year because . And ! that deplleats me protection we get from our ozone layer. Speeding the development of climate change. ""without advances in technology we @MONTH1 have a better and safer earth generations to come. Oh sure, says sue sarcastically. But since you texting her you don't know what and ask out her . If not for advances in technology people could make me right decisions. @PERCENT4 of texters say they have miss interpreted others texts. this means bad decisions all accross the world. @PERCENT1 also say have particifated in same of sexting like ther sending peictures a language. Underage children are participating in illegal activity because of advances in technology chief crimes head of the police department in @ORGANIZATION1 says that ever since the invention of the cell phone with the ability to send pictures & text he has need @NUM6 more cases on child pornography. @PERCENT5 of @CAPS5 people are under the age of without me advances of technology for cellphones this wouldn't even be possible for minors. Advances in cellular device has also kept families farmer & farmer apart. @PERCENT6 of parents sya that their children have had me some appreciation & lease that they had before they recieved cell phones. And @PERCENT1 of kids wine have cell phones say they don't think they need their family interaction anymore. Do you believe this is the message to be school to future generations? I thank you for reading this article and I hope you are now experiencing the other side of the debate children need to interact with their families more, enjoy nature and start exercising. This is impossible to do with the advances of technologe.","Write a persuasive essay to a newspaper reflecting your views on censorship in libraries.
Do you believe that certain materials, such as books, music, movies, magazines, etc.,
should be removed from the shelves if they are found offensive? Support your position
with convincing arguments from your own experience, observations, and/or reading.",1,6,"{'Content': 5, 'Organization': 5, 'Word Choice': 5, 'Sentence Fluency': 5, 'Conventions': 5}","{'Content': '', 'Organization': '', 'Word Choice': '', 'Sentence Fluency': '', 'Conventions': ''}",
633,"Censorship in the Libraries
""All of us can think of a book that we hope none of our children or any other children have taken
off the shelf. But if I have the right to remove that book from the shelf -- that work I abhor -- then
you also have exactly the same right and so does everyone else. And then we have no books
left on the shelf for any of us."" --Katherine Paterson, Author","Dear local newspaper, Computers have a good effect on people in our comunnite, from computers you can learn, talk to people from out of state or even out of the county, also you can learn hand eye cornation. Computer can help you earn in many ways one way you could learn from computers is students can go online and got information for their school projects by finding this information it can help the students get better grades. Also the students can use the computer as a way to study. There are educational games on the computer that kids play and without knowing this they are learning and studying for school. Another way you could too a is from online classes. This could help people also because do not have enough many to pay to go to classes. As you can see there are many ways to learn from having computer. The computer can also help you talk to people from out of the state or country. This could help famlies stay connected when they live so far away from you. My cousin @PERSON4 and my aunt @CAPS1 math live in @LOCATION1 and i hadn't met then until the @DATE1, when they came down. @CAPS3 that i have met them i am able to stay them through the computer. Dr. @PERSON2 says, ""@CAPS2 close with familys and friends not only important for you you health."" by haveng computers we could talk to our relative and help our health. When you get out of college people let go of some good friends because they could live in different state,. the computers can help you stay connected with them. Lastly, computers can help you with you hand eye coodination, when your hand eye cornation because you are trying to type a word. and by hitting the key you want you are learning this. I have sam kids with special needs useing the computer is help them learn hand eye cornation. there is a girl in my school named @PERSON3 and the help her by leting her play games on the computer when in my class ive had to help her with picking things up, @CAPS3 to eat and walk with her hands alone. Her helper teacher. Ms @PERSON1 says the computer game has helped her. The effect that compuers have on society is good.","Write a persuasive essay to a newspaper reflecting your views on censorship in libraries.
Do you believe that certain materials, such as books, music, movies, magazines, etc.,
should be removed from the shelves if they are found offensive? Support your position
with convincing arguments from your own experience, observations, and/or reading.",1,4,"{'Content': 4, 'Organization': 3, 'Word Choice': 3, 'Sentence Fluency': 3, 'Conventions': 3}","{'Content': '', 'Organization': '', 'Word Choice': '', 'Sentence Fluency': '', 'Conventions': ''}",
1127,"Censorship in the Libraries
""All of us can think of a book that we hope none of our children or any other children have taken
off the shelf. But if I have the right to remove that book from the shelf -- that work I abhor -- then
you also have exactly the same right and so does everyone else. And then we have no books
left on the shelf for any of us."" --Katherine Paterson, Author","The use of computers has been increasing since personal computers were invented. Although there are some upsides to computers like doing research and interacting with people, there are @CAPS1 more bad aspects then good ones when it comes to computers. Computers negatively affect the way people live outside the ""virtual world."" @CAPS1 people end up overweight or obeise from spending too much time in a computer chair and not enough time outside exercising. People also tend to interact with people on the computer that they don't talk to out in the world, or that they don't know at all. People also give out personal information to people they don't know, which leads me to my second point. Thefts happen everyday across the globe, whether it's robbing a bank, a store, or even someone's identity. Using a computer can lead to @CAPS1 thefts. There are people that hack into people's banking account, which has all your personal information on it, and withdraw any sum of money tha they like. Millions of people have all of their information online, for anyone to see, and this is very dangerous. That is another downside to computers. My final point that is to be made is all the costs that come with computers. @CAPS1 people have to spend a lot of money on glasses because they looked at a computer nearly all the time. Some people even must pay for rehab. There are people out there who are actually addicted to the internet, so they have to pay thousands of dollars to get back to health. As you can see, there are @CAPS1 more cons than pros when it comes to computers. Any of these things could happen to you so I advise you not to use a computer.","Write a persuasive essay to a newspaper reflecting your views on censorship in libraries.
Do you believe that certain materials, such as books, music, movies, magazines, etc.,
should be removed from the shelves if they are found offensive? Support your position
with convincing arguments from your own experience, observations, and/or reading.",1,4,"{'Content': 4, 'Organization': 4, 'Word Choice': 4, 'Sentence Fluency': 4, 'Conventions': 4}","{'Content': '', 'Organization': '', 'Word Choice': '', 'Sentence Fluency': '', 'Conventions': ''}",
3538,"Censorship in the Libraries
""All of us can think of a book that we hope none of our children or any other children have taken
off the shelf. But if I have the right to remove that book from the shelf -- that work I abhor -- then
you also have exactly the same right and so does everyone else. And then we have no books
left on the shelf for any of us."" --Katherine Paterson, Author","Censorship               Censorship is it needed in todays societey? Where things that were considerd bad @NUM1 even @NUM2 years ago are ok today to be veiwed read listened to and so on. Is it a  needed process or should libraries have free will to stock there shelves with what ever they seem fit to be there.Is it still a good process to use or is it a outdated uneeded resource that is now no longer needed.          Everybody in todays soicitey says to read, but libraries @MONTH1 not have the type of litature that your are in to, so why would you want to read somthing that you do not like because the library dos not have the book that you wanted to to see i.       I believe that censorshop in libraries should be their  to remove any book the find offenseive or immoral from there libary. I do not belive they should remove books becasue of  bad language, or somthing about god.        I think that books or magazines or movies with '@CAPS1' content should be removed from libraries if they see it fit. Libraries should only feature books tht they want to have not ones that are popular but considerd 'bad' by the library. They should only have books they want to have.       I do believe that their should be censorship in libarys. I just do not belive that it should be a harsh system. I think that they should set standards on what they want to have and following those standards on books they buy.               I do think however that some libraries will set their standards to low or high that they wille ether have many books that are considerd 'bad', or no books at all. It is a very fine line when it comes to materials that the library has to be considerd good or bad. I think libraies should havea  set of standards nation wide to set what type of material is good for libraries.          I believe that censorship is still a needed, and helpful process. I just think that it is to much of a opionated process. not enough facts or opions of the poeple. I think that is should remain in use for society i just belived it should be more under control then it is today.","Write a persuasive essay to a newspaper reflecting your views on censorship in libraries.
Do you believe that certain materials, such as books, music, movies, magazines, etc.,
should be removed from the shelves if they are found offensive? Support your position
with convincing arguments from your own experience, observations, and/or reading.",2,3,"{'Content': 2, 'Organization': 1, 'Word Choice': 2, 'Sentence Fluency': 1, 'Conventions': 1}","{'Content': '', 'Organization': '', 'Word Choice': '', 'Sentence Fluency': '', 'Conventions': ''}",
4632,"Censorship in the Libraries
""All of us can think of a book that we hope none of our children or any other children have taken
off the shelf. But if I have the right to remove that book from the shelf -- that work I abhor -- then
you also have exactly the same right and so does everyone else. And then we have no books
left on the shelf for any of us."" --Katherine Paterson, Author","@CAPS1 happened to using books and films as simple entertainment? Why are we now cautious of @CAPS1 our children pick off the shelf? Society today has changed the way we once viewed our sources of entertainment. Books are now viewed with skepticism and once harmless movies and magazines are full of material no one should be reading or watching. Music used to be a beautiful form of art, but now when you turn on your radio, @CAPS1 do you hear? Mindless spewing of words linked together with curses and other garbage. Should libraries use caution when renting something to someone who shouldn't be using that material for harmless entertainment.     There once was a young girl, fourteen or fifteen, who loved to read and listen to music. She was bright but shy, and used books as her friends. Each day she walked to the library for a new story to dive in. One day she came across a book on the top shelf of the fiction section. The book looked used, for its spine was badly split and several of the pages were nearly detached. She reached for the book, intrigued, and flipped through the pages. Her innocent and naive mind caught a hold of a world she didn't know. After reading the book, she was filled with guilt. It wasn't a good book, but a book that was laced with a harmful message. This young girl, once pure and simple, now knew things no one at that age should know. So, why wasn't there a warning of some sort?     The difference between writing something offensive and being offensive is that the writer usually doesn't intend to be hurtful or rude. The author most likely intended for the peice of literature to be enjoyed with a clear and playful attitude. However the comparison between writing something offensive and being offensive is far different. When you read something in a book or magazine that disturbs you, put it down, or throw it away. No one is forcing you to read the material. Yet, the real question is; @CAPS1 about our children? How do we keep them safe from offensive literature? And @CAPS1 about music? Or movies?     Remember the old black and white films? How, no matter @CAPS1 the plot or storyline is, the two leading roles somehow fall in love in the end? The ending title fills the screen just before the two actors share a kiss and then the screen goes black. Mind, there are still movies with happy endings and a positive message. @CAPS1 about the other films? Some of the biggest blockbusters are those which have either violence, some form or racism, and/or sexual content. Personally going to the movies to see a new action movie that looks thrilling and entertaining should be fun, but where does the fun stop? After the guy in the first scene has just been brutally murdered? Or after the two lovers share a special bond that should be kept private? And @CAPS1 happens when this movie is released and checked out from the library by a young boy who just wants a fun sleepover with his friends? How do we keep these sorts of material away from them?     Libraries should use major caution when priting labels to place on their books, movies, magazines, etc. Librarians should make sure that the book a child hands to them is safe to read for that age level. Also, they should check the ratings on movies or make them not available to certain age group. Parents should also use caution when letting your child go to the movies with friends. Make sure they see something fun, but with a positive message.     Should libraries take certain material off their shelves? I don't think so. However, be careful @CAPS1 you read or watch, for it might not please you. Use the internet as a source to find reviews on books and magazines, so see how well it was rated and then decide whether it is an intriguing read or an amazing film. Have fun, but be careful","Write a persuasive essay to a newspaper reflecting your views on censorship in libraries.
Do you believe that certain materials, such as books, music, movies, magazines, etc.,
should be removed from the shelves if they are found offensive? Support your position
with convincing arguments from your own experience, observations, and/or reading.",2,6,"{'Content': 6, 'Organization': 5, 'Word Choice': 5, 'Sentence Fluency': 5, 'Conventions': 5}","{'Content': '', 'Organization': '', 'Word Choice': '', 'Sentence Fluency': '', 'Conventions': ''}",
4415,"Censorship in the Libraries
""All of us can think of a book that we hope none of our children or any other children have taken
off the shelf. But if I have the right to remove that book from the shelf -- that work I abhor -- then
you also have exactly the same right and so does everyone else. And then we have no books
left on the shelf for any of us."" --Katherine Paterson, Author","Should certain materials in libraries be removed from shelves if they are found offensive? I do not think books or any other materials should be taken off the shelves for some people? There are many reasons that the books should stay on the shelves. I am going to tell you all of the reasons I think the books should stay on the shelves.     One reason I think the books should stay on the shelves is because some people might need the books for a school project. For example, a student could have a project over @CAPS1. A book on @CAPS1 could offend many people. Just because it offends some people does not mean it should be taken off the shelf because other people might need that book. Someone might need a certain book for a project. If the one book they need is taken off a shelf because it offended someone they could fail a class. That is one reason I think the books should stay on the shelves.     Another reason I think they should stay on the shelves it's their opinion if the book offends them. Just because they don't like the book and it offends them doesn't mean other people do not want to read it. Why would you take a book off of a shelf because it offends one or a couple people? There could be many more people who want to check out that book and read it.     If a book offends you just dont look at it. Why would you look at something that offends you? I don't understand why libraries would have to removed a book from the shelf just because it offends someone. Especially, when that person could just ignore the book and pay no attention to it. That is my last reason my opinion is what it is.     So after reading this I hope you understand why my opinion is what it is. There is no point in taking books off the shelves. People need them for research and projects. It is someones opinion if they do not like what the book is about and if it offends them. For example, if i didn't like something on a menu at a resteraunt they are not going to take it off the menu for me. My last reason the books should stay on the shelves is the people can just ignore the books and not look at them that would be easier than taking books off the shelves.                                    THE @CAPS3","Write a persuasive essay to a newspaper reflecting your views on censorship in libraries.
Do you believe that certain materials, such as books, music, movies, magazines, etc.,
should be removed from the shelves if they are found offensive? Support your position
with convincing arguments from your own experience, observations, and/or reading.",2,4,"{'Content': 4, 'Organization': 5, 'Word Choice': 4, 'Sentence Fluency': 5, 'Conventions': 4}","{'Content': '', 'Organization': '', 'Word Choice': '', 'Sentence Fluency': '', 'Conventions': ''}",
3940,"Censorship in the Libraries
""All of us can think of a book that we hope none of our children or any other children have taken
off the shelf. But if I have the right to remove that book from the shelf -- that work I abhor -- then
you also have exactly the same right and so does everyone else. And then we have no books
left on the shelf for any of us."" --Katherine Paterson, Author","Now, one way or another that certain peice of material will be found and be used.     Someone out there in this world will appreciate that material and want to share it with others. So really, either way you @MONTH1 try to remove any material that you think is offensive but is it your right? I don't suppose so, I would consider that unfair. It's unfair that you were able to see this material and just because you thought it was offensive, it does not mean that others @MONTH1 find that offensive in their opinion.     So the idea of pulling them off the shelf for your own selfish opinion is ridiculous. For you to do that would be defeating the purpose of being an @CAPS1 for the author of that material. Having the freedom to sell or convey something they want viewers, readers, listeners, etc. to look at and use, would not happen because a person or a small group of people consider it offensive. It's big world out there, you think just because you can try and hide certain material from people in your area to see, that no one will find a way, people will always find a way for it to get out or be found.     It would be as if your trying to control what people should be viewing, listening, reading, etc. Almost as if your in control of people, but you got to realize that you can't hide everything in this world. Also that not everybody in this world has the same mind set as you do, and that what ever you find offensive @MONTH1 not, or actually does not mean everyone else does.      So this leads to my conclusion that it should not be your right to remove material from shelves that only you or group of people find offensive. Do not try to control what people or childeren should view, listen, or read becuase it will be found sooner or later. No matter how hard you want this world to be perfect, reality is that it won't happen and you can't keep everthing hidden","Write a persuasive essay to a newspaper reflecting your views on censorship in libraries.
Do you believe that certain materials, such as books, music, movies, magazines, etc.,
should be removed from the shelves if they are found offensive? Support your position
with convincing arguments from your own experience, observations, and/or reading.",2,4,"{'Content': 3, 'Organization': 3, 'Word Choice': 3, 'Sentence Fluency': 3, 'Conventions': 3}","{'Content': '', 'Organization': '', 'Word Choice': '', 'Sentence Fluency': '', 'Conventions': ''}",
3472,"Censorship in the Libraries
""All of us can think of a book that we hope none of our children or any other children have taken
off the shelf. But if I have the right to remove that book from the shelf -- that work I abhor -- then
you also have exactly the same right and so does everyone else. And then we have no books
left on the shelf for any of us."" --Katherine Paterson, Author","Books are a form of history, each telling a story from the past. in history we dont block any offensive events that take place so why should we removed any books that have offensive material in them. it would be wrong to strip the kids of any learning tools.          books are a very important learning tool in todays schools and there is somthing new in every book that a kid can learn from. so even taking away one book could make a kid learn one less thing. and doing this on purpose would  be aginst everything that schools stand for.          there are many diffrent janras of books, but not everybody loves every jonra if a person only likes to read young adult books because it relates to there culture, wich most likely will have  offensive language and events play out. if you were to take this away from a youngadult in school; once more this person would be missing out on books because nows they are not intersted at any of the books in the libary.       if you can even think of just one instance that could strip a student away from a learning opertunity you shouldnt do it. but the fact is there any many reasons why you shouldnt remove any literture from libary shelves","Write a persuasive essay to a newspaper reflecting your views on censorship in libraries.
Do you believe that certain materials, such as books, music, movies, magazines, etc.,
should be removed from the shelves if they are found offensive? Support your position
with convincing arguments from your own experience, observations, and/or reading.",2,3,"{'Content': 3, 'Organization': 3, 'Word Choice': 3, 'Sentence Fluency': 3, 'Conventions': 2}","{'Content': '', 'Organization': '', 'Word Choice': '', 'Sentence Fluency': '', 'Conventions': ''}",
3131,"Censorship in the Libraries
""All of us can think of a book that we hope none of our children or any other children have taken
off the shelf. But if I have the right to remove that book from the shelf -- that work I abhor -- then
you also have exactly the same right and so does everyone else. And then we have no books
left on the shelf for any of us."" --Katherine Paterson, Author","Libraries are sometimes connotated as very boring. Walking up and down isles looking at all of the books, and wishing that they were all more interesting. Minutes after searching through the one shelf you have been rummaging through for what seems like hours, you get a glimpse of a very interesting title. Inside of this book could be countless inappropriate pictures and profanity on every page. Who is to blame for opening the book and reading it?     Profanity, nudity, and crude humor, as well as many other things, are all over the media, including books. Some parents try very hard to keep their children out of the way of those things by telling the child that they just simply cannot watch, listen to, or read certain things. The parents typically do not say why they are not letting their child see, hear, or read these things, other than, 'it is bad, and I said no.' If parents were to tell their child specifically why they were not supposed to be exposed to certain things, the child might not be so inclined to get involved in those things.     Not only should the parents teach their child why they should not be exposed to those things, but maybe they should be around when their kids have an opportunity to see things they shouldn't. And if a child is too young to see, hear, or read certain things, than they are far too young to be browsing a library or any other place where they are not properly guided by a parent.      Censorship, in my opinion, should not be done by libaries, movie producers, television programs, and record companies, it should be done by the parents of a child.","Write a persuasive essay to a newspaper reflecting your views on censorship in libraries.
Do you believe that certain materials, such as books, music, movies, magazines, etc.,
should be removed from the shelves if they are found offensive? Support your position
with convincing arguments from your own experience, observations, and/or reading.",2,4,"{'Content': 4, 'Organization': 4, 'Word Choice': 4, 'Sentence Fluency': 4, 'Conventions': 4}","{'Content': '', 'Organization': '', 'Word Choice': '', 'Sentence Fluency': '', 'Conventions': ''}",
4103,"Censorship in the Libraries
""All of us can think of a book that we hope none of our children or any other children have taken
off the shelf. But if I have the right to remove that book from the shelf -- that work I abhor -- then
you also have exactly the same right and so does everyone else. And then we have no books
left on the shelf for any of us."" --Katherine Paterson, Author","Libraries contain many helpful and entertaining materials for people of all ages. Some @MONTH1 argue that a library holds documents that are offensive and should not be put on the shelf, but I beg to differ. A library holds many books, magazines, movies, etc. that can advance the knowledge of citizens.      Libraries can, and probably do, contain materials that are guilty of being offensive, but they shouldn't be taken off the shelf because of this. Instead, libraries should be divided into sections based on topics. If a parent doesn't want their child to read a book based on racism, then the parent simply keeps the child out of that section.     How will children learn about what goes on in @LOCATION1 if they are not shown? Children won't know how to cope with the harsh realities of the world unless they are exposed to them early. This doesn't mean that a child should be shown a magazine highlighting @PERSON2's next drug scandal, but showing them that stuff like this does go on and you should not live that way.      Libraries don't contain material that is offensive without a reason. What if a high school student is doing a report on the rise of teen-pregnancy? This student should have no better source for information than a library. The library would be the most trustworthy documentation of facts about this topic.      These books that a library holds are not only there to educate us, but to entertain us as well. If a library removes a biography on the rapper, @ORGANIZATION1, because he has a 'rocky past', they @MONTH1 lose one client who came to the library to be amazed by the struggles that many successful people have overcome to get where they are today.      As Katherine Paterson said, 'And then we have no books on the shelf for any of us.' If a library censors all of the material that goes throught the system, there @MONTH1 not be any books left to entertain ourselves. Therefore, libraries should not monitor what material is put on the shelf.","Write a persuasive essay to a newspaper reflecting your views on censorship in libraries.
Do you believe that certain materials, such as books, music, movies, magazines, etc.,
should be removed from the shelves if they are found offensive? Support your position
with convincing arguments from your own experience, observations, and/or reading.",2,4,"{'Content': 4, 'Organization': 3, 'Word Choice': 4, 'Sentence Fluency': 4, 'Conventions': 4}","{'Content': '', 'Organization': '', 'Word Choice': '', 'Sentence Fluency': '', 'Conventions': ''}",
4624,"Censorship in the Libraries
""All of us can think of a book that we hope none of our children or any other children have taken
off the shelf. But if I have the right to remove that book from the shelf -- that work I abhor -- then
you also have exactly the same right and so does everyone else. And then we have no books
left on the shelf for any of us."" --Katherine Paterson, Author","Censorship in libraries is a very controversial topic that has conflicting views. One side, in favor of censorship, believes that some literary material contained within a library could be offensive to some, and that it should be removed or censored. The other side, in favor of free speech, believes that all literary material in a library should be kept, whether it is seen as offensive or not. Of these two sides of such a controversial issue, it is evident that censorship should not be instilled within libraries, because of the right to free speech, the true meanings and expressions must be upheld, and it would take the oppurtunity to read such a work truly from an interested reader.     The first reason why the censorship of literary materials within a library is an unjust endeavor is because of the right to free speech. This right belongs to all citizens of @LOCATION1, and shouldn't be taken away because one person @MONTH1 think something is offensive. I have observed that many people will often attempt to steal this right from people, and this instillation of censorship will do just that to the authors. This is the first reason why the censorship of literary materials within a library is an unjust endeavor.     The next reason why the censorship of literary materials within a library is an unjust endeavor is because this censorship @MONTH1 dull down the true meanings and expressive themes that literary works are meant to express. An example of a story that would suffer from censorship is the famous 'The @CAPS1 of @ORGANIZATION1.' Such a novel, though containing offensive language at times, would not read the same if such language was omitted and removed. Instead, @PERSON1's expressions within the story would be dulled down immensely and be nearly silenced. This is the next reason why the censorship of literary materials within a library is an unjust endeavor.     The last reason why the censorship of literary materials within a library is an unjust endeavor is because it removes the availability of the book from an interested reader. Many times I have seen people blatantly have a tantrum over an offensive literary work. I have been offended by things that I have read before, and instead of demanding its removal and crying for a less offensive substitute, I simply either stopped reading the work or read through it anyways. A person must know that the use of offensive language within literary works rarely is intended to attack the reader, but rather to strongly get a point across.  If a person finds the material too offensive to read, then they should simply stop and find a more suitable work. By remaining calm and passive about these things, it keeps the literary work on the shelves in its true form for other people who wish to read it.This is the last reason why the censorship of literary materials within a library is an unjust endeavor.     It is clearly evident that the removal or censorship of literary works in a library is a bad idea as a whole. The decision to censor literary works would be bad because it would strip the author's right to free speech, it would dull down the author's true meanings and expressions, and it would remove the oppurtunity to read such a work from an interested person. The removal or censorship of literary works would be a terrible decision that all would regret in the years to come. This is why the removal or censorship of literary works in a library is an unjust endeavor.","Write a persuasive essay to a newspaper reflecting your views on censorship in libraries.
Do you believe that certain materials, such as books, music, movies, magazines, etc.,
should be removed from the shelves if they are found offensive? Support your position
with convincing arguments from your own experience, observations, and/or reading.",2,4,"{'Content': 6, 'Organization': 6, 'Word Choice': 5, 'Sentence Fluency': 6, 'Conventions': 5}","{'Content': '', 'Organization': '', 'Word Choice': '', 'Sentence Fluency': '', 'Conventions': ''}",
3351,"Censorship in the Libraries
""All of us can think of a book that we hope none of our children or any other children have taken
off the shelf. But if I have the right to remove that book from the shelf -- that work I abhor -- then
you also have exactly the same right and so does everyone else. And then we have no books
left on the shelf for any of us."" --Katherine Paterson, Author","When it comes to censorship I believe that very few things should be removed. Just because it is found offensive by some does not mean it is offensive to all. A material should only be removed if and only if that material offends an over ruling majority of people. If you find it offensive just ignore it you don't have to buy it. Maybe somebody else finds it interesting and it comtains the information that they have been seeking.     When it comes to books, music, movies or magazines I believe almost anything should be allowed except for material that depicts nudity or drugs and alcohol. Other than that a little cursing here and there and some violence is perfectly acceptable, but it should probably be kept from small children if it's to bad. Usually if a child is exposed to that type of material they usually grow up believing that whatever they saw as a child is completly acceptable. Sometimes it's violence sometimes it's other things like drugs or alcohol, whatever the case @MONTH1 be.      Many parents believe that certain material should be banned because it exposes their child to bad morals. But my belief is that if your a good parent then shouldn't have to worry about that type of stuff. If you really do not want your child to be of any part of it then take actions to do such. For example if you don't want your child watching a certain television show then block it. Don't just think they won't watch it and then when they do you get mad at the people who created the show. It's not their fault maybe you as a parent should have made sure in the first place that your child did not see that material.     There are some people out there that believe that if any material depicts anything bad then it should be removed. But what I believe is that this is @LOCATION1 and people can read and write whatever they want, and if you have something to say about it then that's fine by me you can believe whatever you would like to believe. People should be able to keep their freedom of speech and be creative without being ridiculed by people","Write a persuasive essay to a newspaper reflecting your views on censorship in libraries.
Do you believe that certain materials, such as books, music, movies, magazines, etc.,
should be removed from the shelves if they are found offensive? Support your position
with convincing arguments from your own experience, observations, and/or reading.",2,4,"{'Content': 3, 'Organization': 3, 'Word Choice': 3, 'Sentence Fluency': 3, 'Conventions': 3}","{'Content': '', 'Organization': '', 'Word Choice': '', 'Sentence Fluency': '', 'Conventions': ''}",
4511,"Censorship in the Libraries
""All of us can think of a book that we hope none of our children or any other children have taken
off the shelf. But if I have the right to remove that book from the shelf -- that work I abhor -- then
you also have exactly the same right and so does everyone else. And then we have no books
left on the shelf for any of us."" --Katherine Paterson, Author","Should there be censorship in libraries? Some say there should be, some do not.  Cultural books and magazines could be offensive to some readers.  History in books can sometimes even be offensive depending on someones lifestyle or background.     Are you wrong if you say you want censorship in the library?  No, you are not wrong because there are many people who think that some books should be taken off of the shelves of there local libraries.  Some of there reasons are because parents could have  young children and they do not want to expose them to such things while they are young and vulnerable.  Others though say that censorship is unnecessary because people are going into the library and looking for a book at their own risk.  Meaning that if someone goes to the library looking for a certain book and they pick up one they find as offensive, it could be a good book for someone else.     Do all books that are considered 'offensive' have to be fiction?  No, not all books have to be fiction if they are offensive.  This does not mean that there aren't books out there like that.  Cultural books or magazines from other countries or of a certain topic can sometimes be very graphic and have language that is only appropriate for certain ages.  Everywhere in the @CAPS1 no matter where you are there are going to be things that could either interest you or be offensive to you. Everybody has there own opinion on the matter.  The cultural @CAPS3 in the library are just showing how the people of othere countries live and act.  It is not opinions or false claims in these @CAPS3, only fact.  So cultural @CAPS3 should not be censored, although it could have a section just for that type of material.     History books can be one of those @CAPS3 that really depends on your opinion or what you were raised in.  Religion is one thing that history books can really raise offense to people because it could have some of the facts wrong about that type of religion.  Some people would get very upset about how it was wrong because they are teaching the kids wrong about religion.  Race and origin are another problem with some people.  History books and elder's stories can always somehow be mixed and could cause trouble.  For example if a @CAPS1 @CAPS2 @NUM1 veteran told a story about what happened in a certain area; the history book could tell a completely different story.  History books should not be censored because it is facts and teaching kids on what has happened in the past and how people survived.     My views on the censorship of libraries is that there should not be any of it.  Maybe the library could make a section for what people might think is 'offensive.'  @CAPS3 or books should definately not be taken off of the shelves though, because one man's offense is another man's great read","Write a persuasive essay to a newspaper reflecting your views on censorship in libraries.
Do you believe that certain materials, such as books, music, movies, magazines, etc.,
should be removed from the shelves if they are found offensive? Support your position
with convincing arguments from your own experience, observations, and/or reading.",2,5,"{'Content': 5, 'Organization': 5, 'Word Choice': 5, 'Sentence Fluency': 5, 'Conventions': 4}","{'Content': '', 'Organization': '', 'Word Choice': '', 'Sentence Fluency': '', 'Conventions': ''}",
3419,"Censorship in the Libraries
""All of us can think of a book that we hope none of our children or any other children have taken
off the shelf. But if I have the right to remove that book from the shelf -- that work I abhor -- then
you also have exactly the same right and so does everyone else. And then we have no books
left on the shelf for any of us."" --Katherine Paterson, Author","I myself think that all books should be of the shelves because I do find some books to be offensive in their contents. I also find it very annoying when people have books and you are trying to talk to them @CAPS2 all they do is ignore you @CAPS2 keep reading i find that disrespectful. Myself though i do not like reading I find it to be boring @CAPS2 somtimes tireing unless it is actually a good book. I also could say that some movies should be taken off shelves because they are so stupid @CAPS2 have no point such as harry potter, twilight and most other books that have mythical creatures in them. Music on the other hand should @CAPS5 be taken off because it is alot easier to relate to and understand I @MONTH1 be wrong but thats my personal opinoin of the whole ordeal some music in the lyrics can show who you are and what you stand for in life music shows character @CAPS2 is easire to follow then movies or a boreing old book.I listen to music all the time you hardly ever see me with a book in my hands I sometimes do watch movies but they are more action , comady though I really don'@CAPS10 like scary movies though I do watch some @CAPS2 I don'@CAPS10 like ones with weird looking creatures in it thats just not what I look for in a movie. I can list some books, movies @CAPS2 music I like, for instant twoo books I like are  blood is thicker @CAPS2 untill we @CAPS4 again by @PERSON3. Movies I like are all five of the @CAPS1 @CAPS2 @CAPS3 movies, @ORGANIZATION2, @CAPS4 The @PERSON4 and my all time favorite @CAPS5 @CAPS6 @CAPS7 And the new karoti kid. Music I listen to consist of @CAPS8-@CAPS9, @ORGANIZATION4, @PERSON2, @PERSON5, @LOCATION3, @CAPS10-@CAPS11, @CAPS12 @CAPS13, @ORGANIZATION5, @LOCATION1, @ORGANIZATION1, @LOCATION2, @ORGANIZATION3, @CAPS14 @CAPS15 @CAPS2 @PERSON1 they are all great singer song writers and do a great job at what they do @CAPS2 make millions off of it I mean come on people love music more then anything. there are movie music albums sold in the world the there are book and movies combind which I really think proves a big point when I say music is better. Serveys have been taken music wins everytime. So therefore this concludes my opinion on this subject and I hope I voiced it good enough to prove my point to people in the world that say books @CAPS2 movies are better because their not.","Write a persuasive essay to a newspaper reflecting your views on censorship in libraries.
Do you believe that certain materials, such as books, music, movies, magazines, etc.,
should be removed from the shelves if they are found offensive? Support your position
with convincing arguments from your own experience, observations, and/or reading.",2,2,"{'Content': 1, 'Organization': 1, 'Word Choice': 1, 'Sentence Fluency': 1, 'Conventions': 1}","{'Content': '', 'Organization': '', 'Word Choice': '', 'Sentence Fluency': '', 'Conventions': ''}",
3424,"Censorship in the Libraries
""All of us can think of a book that we hope none of our children or any other children have taken
off the shelf. But if I have the right to remove that book from the shelf -- that work I abhor -- then
you also have exactly the same right and so does everyone else. And then we have no books
left on the shelf for any of us."" --Katherine Paterson, Author","Regardless of if we are speaking of the religous demanding books such as the @CAPS1 @CAPS2 series to be ripped from our shelves or @CAPS3 wanting to burn the @LOCATION1, books can always bring about controversy. In this country we are given the rights to freedom of speech and press, so why can anyone demand that a book be banned? Everyone in our world has different thoughts, beliefs, morals and values so why should we try to force our own views on others? We should not. Imposing our views upon others can be done just as easily through putting a controversial book on the shelves as it can by taking it off. Music, movies and magazines are no different, all express the ideas and beliefs of their respective writer, and all deserve to be accessed by anyone who desires to do so.     Books, there are lists of hundreds of banned books and honestly you could find a dozen reasons to ban any book ever written. If you ban one writers words because they speak passionately or discretely on a controversial topic, then you must ban them all, and if you have to ban the words then you must also ban the writer so that he or she cannot voice his or her opinion. If we did this then our country and our world would be without opinion, voiceless, and without a voice their is no direction and no moving forward. If the people of our world are denied the right to write a book on their opinion then what kind of world do we live in? If you can ban my words, then I can ban yours and we have both lost our voice and our chance at somehow brightening the future.      Imagine the impact if the @CAPS4 had locked away every copy of the @CAPS5 because it brought about change and controversy. Imagine a world where we had never heard of @CAPS6 or @CAPS7. It would be a would far different from our own. A world without powerful voices influencing not only our daily actions, but hundreds of years of war, love, and hate. It would be one without direction, where people are left to wonder but never to express or discuss. It would be a terrible place.     While children should not exactly be watching porn or reading '@ORGANIZATION1', they definantly should not be kept from reading, listening to, or watching anything they desire. Values and morals should be gained by reading, discovering and thinking, not forced upon us by our government or our parents. Rap music @MONTH1 have lyrics that some would consider rude but to another they @MONTH1 speak a message. To a creationist @PERSON1's views @MONTH1 seem stupid and offensive, but to an atheist they @MONTH1 be what makes sense. We should all have access to all opinions so that we can develop our own.      We should not have the values and ideas of others beaten into our heads, we should be able to develop our own through an exploration through those of others. Censorship is wrong, our government has no business in what we choose to explore and no one should be restricted by the views of another.","Write a persuasive essay to a newspaper reflecting your views on censorship in libraries.
Do you believe that certain materials, such as books, music, movies, magazines, etc.,
should be removed from the shelves if they are found offensive? Support your position
with convincing arguments from your own experience, observations, and/or reading.",2,4,"{'Content': 5, 'Organization': 4, 'Word Choice': 4, 'Sentence Fluency': 4, 'Conventions': 4}","{'Content': '', 'Organization': '', 'Word Choice': '', 'Sentence Fluency': '', 'Conventions': ''}",
3798,"Censorship in the Libraries
""All of us can think of a book that we hope none of our children or any other children have taken
off the shelf. But if I have the right to remove that book from the shelf -- that work I abhor -- then
you also have exactly the same right and so does everyone else. And then we have no books
left on the shelf for any of us."" --Katherine Paterson, Author","How would you feel if your son or daughter saw a naked picture of someone, kept hearing bad words from a song that was in the library! Would you really want that for your child? Thought a library was supposed to be a learning center, didnt know it was a bad place to be. People have their own opinions in everything! A lot of things these days are changing and it's not for the better! Television, books, and music are becoming dirty and unenjoyable to people. Please help try and help us stop this! We don't want it getting to our kids, like it has to others!     Some people like these kinds of things with bad actions in them! One thing that catches them is the beat, it just makes them want to start dancing. Another reason why they like it is beacuse their friends like it also! People these days are becoming more of followers than leaders like they should be. When people grow up they usually have an idol whether its a singer, book writer, or actor. When that idol grows older it most likely isnt going to be the same person with the same thoughts it had @DATE1, they change for the worse most of the time! They get caught up in drugs or the fame that it puts them in. When that happens people loose than interste in them unless they think its cool! It all just depends on the person! Some people thrive off of these things!     Libraries are supposed to be for all ages! If a kid finds something that was bad at a library and tells their friends or parents thats just putting down the library and they aren't going to want to go there anymore. This is just hurting the library because it will loose a lot of their buisness. Young kids these days are being expossed to a lot of more things that they should'nt be! What little kids already know is sickning! Hearing them say that they have boyfriends and girlfriends, and how they know bad words just at the age of @DATE1! It might have to do with the parents or the friends the kids choose but in my opinion it's right! Kid's are growing up way to fast because of the things that they know!     Movies, music, books, etc. are not like they used to be in the fifty's, even the eighty's, yeah they werent the best, but its gotten a little extreme theses days. The words that they say in songs, the things we see in movies, and the picture we see in magazines are getting out of hand. There should be a section that is blocked off only for eighteen and older that has all the bad things in the music, movies, and, magazine articles/picture. People shoud have id's that they have to have to get into this section! This is going to try and prevent kids from seeing what they are these days when they are at a young age. This might not even work, but its worth a try!      The world is'nt a happy place anymore! It's filled with violence, sex, drugs, etc. Some parents don't care about the things that their child does, says, or sees. It all just depends on the family. Whether they believe in @CAPS1 or if they don't is another example of this! It always affects ther actions and thought! People try and do the littlest things, and they try and make a difference in the world. That is what people need to do, not get involved in horrible things. They need to get involved and stay out of these bad things; seeing bad picture, hearing bad words, and watching horrible things in movies. Try to make a difference! dont be a follower because it's not going ti get you anywhere in life! Everything counts!","Write a persuasive essay to a newspaper reflecting your views on censorship in libraries.
Do you believe that certain materials, such as books, music, movies, magazines, etc.,
should be removed from the shelves if they are found offensive? Support your position
with convincing arguments from your own experience, observations, and/or reading.",2,4,"{'Content': 4, 'Organization': 3, 'Word Choice': 4, 'Sentence Fluency': 4, 'Conventions': 4}","{'Content': '', 'Organization': '', 'Word Choice': '', 'Sentence Fluency': '', 'Conventions': ''}",
3140,"Censorship in the Libraries
""All of us can think of a book that we hope none of our children or any other children have taken
off the shelf. But if I have the right to remove that book from the shelf -- that work I abhor -- then
you also have exactly the same right and so does everyone else. And then we have no books
left on the shelf for any of us."" --Katherine Paterson, Author","I think that removing books from a library that are offensive shouldn't be allowed, first off because people have different taste on the books they read. I also think that the books that the libary carries are educational, they might be offensive to people but sometimes they are good for learning new things about the world around us. Another thing is that a lot of books, movies, music, and magazines might be offensive to you, but if you dont want your child to read those then just keep them away from those types of books at the library, and the people that do want to look at that stuff can. So i think it just depends on what kind of stuff people like, everyone likes something different.      One reason why i think that libraries shouldn't be censored is because some people have different taste in the books they read. Some people like scary books, some people like romantic, so  everyone doesnt all like the same thing. Everyone might be offended of something but people should't let it bother them.      My second reason is because books that they carry at the library are usually educational. They have learner books for the little kids to help them learn how to read, they have magazines for the people that are interested in the drama around the world, then we have war books for the people that are interested in history, so i dont think that people should really be to offended by the books that people read.      Another reason is that if you dont want your child or a looking at the books or ect. That might look offensive to you then dont let them read them, everyone likes different things, and if you take away things that other people like then your just offendending them too. Thats why people that enjoy to go to the library should't take things so offensive, so we don't have to censor things at the library.     So thats why i think that libraries shouldn't have to be censored at all because people have different taste in the books that they read, that books that libraries carry are usually educational, and if you don't want your child looking at those kind of books then don't let them read them. People need to undrstand that some books aren't always trying to offend people, but the ones that are they are just trying to state there own optinon","Write a persuasive essay to a newspaper reflecting your views on censorship in libraries.
Do you believe that certain materials, such as books, music, movies, magazines, etc.,
should be removed from the shelves if they are found offensive? Support your position
with convincing arguments from your own experience, observations, and/or reading.",2,4,"{'Content': 3, 'Organization': 3, 'Word Choice': 3, 'Sentence Fluency': 3, 'Conventions': 3}","{'Content': '', 'Organization': '', 'Word Choice': '', 'Sentence Fluency': '', 'Conventions': ''}",
4270,"Censorship in the Libraries
""All of us can think of a book that we hope none of our children or any other children have taken
off the shelf. But if I have the right to remove that book from the shelf -- that work I abhor -- then
you also have exactly the same right and so does everyone else. And then we have no books
left on the shelf for any of us."" --Katherine Paterson, Author","What's your first thought when you're thinking about a library? Is it quiet, peace, or calm? Many people would think that until they come opon a certain book, magazine, movie, etc. They would start reading, and soon read something that is completely offensive. Books, magazines, movies, etc. should be censored and removed from a library if found offensive.     Although everyone is entitled to their own opinion, I believe that a library is a place of peace. Having offensive literature in a library makes it look as though it's a bit trashy. If people want to read a certain magazine or book that offends a large sum of people, then they should go somewhere besides a library to find it.      When I was younger, I participated in events at our local library; such as seeing who could read the most books over a certain amount of time, or other events like that. I liked to explore the library and find new things. I remember back then, and still today, there were always a large amount of magazines sitting on selfs, categorized into their correct sections. Many of them showing half-dressed women and men. Now, I understand that people like to know what is going on in the real world and like to be up to date, but I believe that they can go elsewhere to find such magazines. Having these offensive magazines in libraries for children to see is not good, and could easliy upset the parents of the children.     Another reason why books, magazines, and others should be censored is because they @MONTH1 influence teens to do wrong and/or bad things. For example, many books talk about drugs and smoking. If teens read this, they @MONTH1 start thinking that it isn't wrong to do these things. If these type of books were to be removed from libraries, then I believe that the number of bad things that teens are influenced by would be greatly decreased because they aren't going to read them.     In my personal opinion, libraries would be better if books, magazines, movies, etc. would be censored. Not only would it make people happier, it would make the world better. Besides, if you are looking to read something bad, you shouldn't be looking in a library anyway!","Write a persuasive essay to a newspaper reflecting your views on censorship in libraries.
Do you believe that certain materials, such as books, music, movies, magazines, etc.,
should be removed from the shelves if they are found offensive? Support your position
with convincing arguments from your own experience, observations, and/or reading.",2,3,"{'Content': 5, 'Organization': 5, 'Word Choice': 5, 'Sentence Fluency': 5, 'Conventions': 4}","{'Content': '', 'Organization': '', 'Word Choice': '', 'Sentence Fluency': '', 'Conventions': ''}",
3811,"Censorship in the Libraries
""All of us can think of a book that we hope none of our children or any other children have taken
off the shelf. But if I have the right to remove that book from the shelf -- that work I abhor -- then
you also have exactly the same right and so does everyone else. And then we have no books
left on the shelf for any of us."" --Katherine Paterson, Author","Nearly every person has seen, heard, wrote, or said something that offended someone. Most of the people that offened others do it on perpose in there music, books, or movies. While some other people accdeltly offened people by the way the worded somedthing. If someone finds something offensive, they should ask for it to be placed somewhere else so it is still avaible, ask for a vote to remove it from the shelves, or just keep it to themselves until they know their not to only one offeneded.     When someone gets offened by something they see and hear in a library, that person should ask for relocation for the offensive meteral they seen or heared. In this case, other people can still watch, hear, or read the book or magazine, movie, or music. Just because something is offensive to one person does not mean it is to someone else.     A book or magazine, song, or movie could be offensive to a lot of people, so it should be voted to be removed or stay in the labrary. This way the materal has a chance to be avaible in the future. Some music and movies could get removed then replaced with the censered version so it for the people that were not offened.     In some cases there is only one person that got offeneded by something that was in a library. In these cases the person could chose to wait to until someone else is offeneded by the materal to speek up about it's offensiveness.     If materal is offensive to someone they should get it relocated, voted on, or hold their peace. If relocated the materal is still avaible to other people. When voted one it could stay or be removed. Someone can speek up about the offensive materal after someone else find it offensive as well.","Write a persuasive essay to a newspaper reflecting your views on censorship in libraries.
Do you believe that certain materials, such as books, music, movies, magazines, etc.,
should be removed from the shelves if they are found offensive? Support your position
with convincing arguments from your own experience, observations, and/or reading.",2,3,"{'Content': 2, 'Organization': 2, 'Word Choice': 2, 'Sentence Fluency': 3, 'Conventions': 2}","{'Content': '', 'Organization': '', 'Word Choice': '', 'Sentence Fluency': '', 'Conventions': ''}",
4449,"Censorship in the Libraries
""All of us can think of a book that we hope none of our children or any other children have taken
off the shelf. But if I have the right to remove that book from the shelf -- that work I abhor -- then
you also have exactly the same right and so does everyone else. And then we have no books
left on the shelf for any of us."" --Katherine Paterson, Author","How would you like it if someone took a book away from you, just because it had @CAPS1 language or nasty meaning? I mean of course there are certain books that should be censored, but in doing so you exclude @CAPS1 great novels from the past. These novels were acceptable back then. If you want to censor boks do so in your own library.     Personaly, I don't believe in the censorship of books. It the author meant to write the book that way then the writing should stay that exact way. Censoring destroys books and the learning curriculum of multiple students. You would censor a school book if it had @CAPS1 graphic text between its covers.     There are tons of books that have bad language and perverse ideas. These books were penned to educate our civilization. If you take away those books, then you will be harming our societies ability to learn. Books, I believe should not be offensive unless your a self-conscious person. Reading a book is a delightful experience, it shouldn't be marred by censorships.      In my personal experience, I have had no problem reading a exquisit novel that has @CAPS1 minor graphic details. I do not care if there is a explicit word in my reading. Albeit, @CAPS1 neive persons have it in there will to remove offensive articles, not for public good, but for personal gain. These offensive tactics are a disgrace to literature and culture. @CAPS1 of the books writen in today's world are far less explicit then before. Thus, we would be creating that unwanted barrier.     When the @CAPS2 @CAPS3 burned the @CAPS4 books, we almost lost a whole civilizations culture and literature. This should never happen to today's literature. If we censor the books in our libraries, then we will be loosing a certain aspect of our culture. The censorship of the articles of reading in our libraries should be kept to personal libraries and only to personal libraries. The libraries are public for a reason.      In conclusion, Censorship should not be placed in libraries because it disrupts the public literature. If the books were meant to be read that way, then so be it. We are not the destroyer of classic literature, and it should never come to that.","Write a persuasive essay to a newspaper reflecting your views on censorship in libraries.
Do you believe that certain materials, such as books, music, movies, magazines, etc.,
should be removed from the shelves if they are found offensive? Support your position
with convincing arguments from your own experience, observations, and/or reading.",2,4,"{'Content': 3, 'Organization': 3, 'Word Choice': 4, 'Sentence Fluency': 4, 'Conventions': 3}","{'Content': '', 'Organization': '', 'Word Choice': '', 'Sentence Fluency': '', 'Conventions': ''}",
3814,"Censorship in the Libraries
""All of us can think of a book that we hope none of our children or any other children have taken
off the shelf. But if I have the right to remove that book from the shelf -- that work I abhor -- then
you also have exactly the same right and so does everyone else. And then we have no books
left on the shelf for any of us."" --Katherine Paterson, Author",I think that that if there is a book in the libraries that is hurmful. Then you should  have to be at least @NUM1 years of age to check it out. The reason why i say @NUM1 is because at that age you should know whats right or wrong AND you can handle it if is wrong. I mean if you know its wrong then dont read it no one is maken you read it.     It would be differnt if some one waz but no one is.Some people like to read differnt kinds of books just because its not right and hurts you dont mean it hurts ever one it @MONTH1 make it helpfull to some one esle and if its tgaken out then there wont be any books in the libraries for anyone to check out and read. BECAUSE ever book in there is going to hurt some if u made them read it.     If you have have a problem with that you can contact me at @NUM3 ask for @PERSON1 and we can talk bout it and mabe you @MONTH1 be about to change my mind or after you read this you make think the same way as i do.      The reason i feel thinks way is because like i said before there is a part in ever book that will hurt some one so you should have to be @NUM1 to check out surten books.If ur getting hurt by a bunch of books then i would sugest you to stop readen because a book is a book not somthing to hurt you.There is so many people in the world that is into books and resourcen bout stuff.     What i do not agree with is that kids getting out of class going to the library playing games and putting puzzels togther that is the problem  i got.I mean yeah people do go in there and do work witch is find BUT some say that they have work and they dont.They just want to get out of class and not do work. People go in there and play games and when people need on the cumputer there is no were to go because of kids playing games.          But as the book part in the library i dont have a problem with that  thats what i got to say bout books hurting people is dont read them other people  like them being there for them.,"Write a persuasive essay to a newspaper reflecting your views on censorship in libraries.
Do you believe that certain materials, such as books, music, movies, magazines, etc.,
should be removed from the shelves if they are found offensive? Support your position
with convincing arguments from your own experience, observations, and/or reading.",2,3,"{'Content': 2, 'Organization': 2, 'Word Choice': 2, 'Sentence Fluency': 2, 'Conventions': 2}","{'Content': '', 'Organization': '', 'Word Choice': '', 'Sentence Fluency': '', 'Conventions': ''}",
3868,"Censorship in the Libraries
""All of us can think of a book that we hope none of our children or any other children have taken
off the shelf. But if I have the right to remove that book from the shelf -- that work I abhor -- then
you also have exactly the same right and so does everyone else. And then we have no books
left on the shelf for any of us."" --Katherine Paterson, Author","Whose to say what is appropriate for whom? whose to judge right and wrong for anyone? It depends on a point of view like most things. The sheltered must learn one day, and if kids learn now about the truth, such as, not to stick forks in outlets, then they won't be as curious when they are older. Being sheltered is not always a good thing and censor ship of what we read, watch, or listen to is ridculous, and disrespectful to authors.          In matters of censorship, I find it to be pointless. Censorship doesn't prevent your kids from learning about anything, except mother won't let me watch that. it just keeps your kids more curious and more obligated to hide things from you and like they cannot ask you questions or be open and honest with you. Causes children to go behind your back more and when they're in trouble they'll as if your they're last place where they can ask for help, where you should be they're first resort.         No, I do not believe that libraries should censor anything. Its altering a authors work. How would it feel if you had written something and it had been published and was in the library and didn't like something about it so they decided to just bleep it out or not allow certain people to read it? I believe censorship should be illegal not required.          Sheltering things from kids prevents them from maturing, and discovering the real world. The idea that the world has no evil, or hiding the evil from your children will in most cases cause them to rebel and in other cases leave them unprepared for the future and the real world. Wouldn't you rather be able to help your kids and teach them about things instead of tell them that everything is perfect and only bad people use that kind of language. Or make them feel like a bad person for do something your grandparents did when they were young?      I conclude that censorship is injust, unfair, and is the real wrong. Not the profanity or the violence that will one day be apart of their life in some way. You don't go through everyday in the 'real world' with a mindset of there's nothing wrong in this world. Or everything is censored and everything is controlled  I believe censorship is just another way of controlling the mind through nuture","Write a persuasive essay to a newspaper reflecting your views on censorship in libraries.
Do you believe that certain materials, such as books, music, movies, magazines, etc.,
should be removed from the shelves if they are found offensive? Support your position
with convincing arguments from your own experience, observations, and/or reading.",2,4,"{'Content': 3, 'Organization': 3, 'Word Choice': 3, 'Sentence Fluency': 3, 'Conventions': 4}","{'Content': '', 'Organization': '', 'Word Choice': '', 'Sentence Fluency': '', 'Conventions': ''}",
4547,"Censorship in the Libraries
""All of us can think of a book that we hope none of our children or any other children have taken
off the shelf. But if I have the right to remove that book from the shelf -- that work I abhor -- then
you also have exactly the same right and so does everyone else. And then we have no books
left on the shelf for any of us."" --Katherine Paterson, Author",I do believe that we can have Materials because there are some good materianls thats have some good stuff in that.Book yes if we don't have no book we can't leave. If we don't have book how we people know how to read.Music i will said yes and no because some time music is not good but some time people need music to do they work. I will say know to magazines because it be to much in that.It be stuff thin them that @CAPS1 sould not see.,"Write a persuasive essay to a newspaper reflecting your views on censorship in libraries.
Do you believe that certain materials, such as books, music, movies, magazines, etc.,
should be removed from the shelves if they are found offensive? Support your position
with convincing arguments from your own experience, observations, and/or reading.",2,2,"{'Content': 1, 'Organization': 1, 'Word Choice': 1, 'Sentence Fluency': 1, 'Conventions': 1}","{'Content': '', 'Organization': '', 'Word Choice': '', 'Sentence Fluency': '', 'Conventions': ''}",
4412,"Censorship in the Libraries
""All of us can think of a book that we hope none of our children or any other children have taken
off the shelf. But if I have the right to remove that book from the shelf -- that work I abhor -- then
you also have exactly the same right and so does everyone else. And then we have no books
left on the shelf for any of us."" --Katherine Paterson, Author","READ WITH @CAPS1     I do not believe that libraries carry the responsibilty to censor reading materials. When a person enters a library, they immediately must infer that, because libraries are place in which knowledge is accumulated, that some of that information they find @MONTH1 not cooincide with what they believe. If a person believes a book is offensive, they can just as easily put it down as they had picked it up.     Obviously, however, there are certain exceptions. Childrens' sections, of course, should be limited to those intended for younger readers. Putting '@CAPS2 and @CAPS3' into a childrens' section hardly seems logical. just as much as putting '@CAPS4 @CAPS5' into the adults section.     In addition, author @PERSON1 once stated that if she was able to ban a book from a library, the same right would have to be given to all other patrons as well. Thus leading to all the books in a library being unable to be read. the knowledge contained within them unknown.     There are, as with any ordinance, exceptions. For example, if a library is intended solely for the use of younger audiences, censorship should hardly be considered a crime. The exclusion of inappropriate items, such as permisquous reading material, keeps childeren from formulating ideas about concepts they @MONTH1 not be able to fully understand.     With all these things considered, banning books from a library hardly seems to be the best course of action. A library should be a place of enlightenment. Opposing ideas should be presented. Leaving the readers to formulate their own decisions about what they believe. Because books are like atoms. When two opposing types collide, a burst of energy is released.","Write a persuasive essay to a newspaper reflecting your views on censorship in libraries.
Do you believe that certain materials, such as books, music, movies, magazines, etc.,
should be removed from the shelves if they are found offensive? Support your position
with convincing arguments from your own experience, observations, and/or reading.",2,5,"{'Content': 3, 'Organization': 3, 'Word Choice': 4, 'Sentence Fluency': 4, 'Conventions': 4}","{'Content': '', 'Organization': '', 'Word Choice': '', 'Sentence Fluency': '', 'Conventions': ''}",
3264,"Censorship in the Libraries
""All of us can think of a book that we hope none of our children or any other children have taken
off the shelf. But if I have the right to remove that book from the shelf -- that work I abhor -- then
you also have exactly the same right and so does everyone else. And then we have no books
left on the shelf for any of us."" --Katherine Paterson, Author","I believe that everyone has the right to choose what book should be banned form their children,but not from the public. Everyonehas their owen belief in what he or she reads or rights even watches so the library is perfect the way it is . We can not through out books we find offensive because of our beliefs because somebody else might want to come along and read about a certain relgion or a certain topic. If we through out all the books and made a library with  only the books we wanted we'd be in a lot of debt because then we'd have to build libraries for everyone instead of one that allows us all to enjoy our favorite books all at the same place. So if we have a problem with a book or movie form the library weshould just keep our children awayfrom that item and inform them on why they should not be subjected to that item","Write a persuasive essay to a newspaper reflecting your views on censorship in libraries.
Do you believe that certain materials, such as books, music, movies, magazines, etc.,
should be removed from the shelves if they are found offensive? Support your position
with convincing arguments from your own experience, observations, and/or reading.",2,2,"{'Content': 2, 'Organization': 2, 'Word Choice': 2, 'Sentence Fluency': 3, 'Conventions': 2}","{'Content': '', 'Organization': '', 'Word Choice': '', 'Sentence Fluency': '', 'Conventions': ''}",
3170,"Censorship in the Libraries
""All of us can think of a book that we hope none of our children or any other children have taken
off the shelf. But if I have the right to remove that book from the shelf -- that work I abhor -- then
you also have exactly the same right and so does everyone else. And then we have no books
left on the shelf for any of us."" --Katherine Paterson, Author","I dont think we should not take books, Music, Movies, and Magazines off the shelf gets because we think they are offensive to us. If you think somthing is offensive dont get it I know I would not get somthing that I think is offensive to me.     Their lot's of books in the world that i dont like. One of them is @CAPS1 Books I hate them with all of my heart. The next kind of books that I think is offensive is @CAPS2 Books because their are lots of story that are in their that we dont read. So I think that it is a wast of paper. The last kind of books I think is offensive is @CAPS3 Books because they are hard to read them in @CAPS3.     Their are lot's of music out there I dont like. One of them is @CAPS5. I dont know why I dislike @CAPS5 but I do. The next type @CAPS6- @CAPS7. The singer in todays @CAPS6- @CAPS7 I think are no good. The last type of music is some of todays rap. I think some of todays rap uses to much bad words.     Their are lot's of movies out their I dont like. The first one is @CAPS10 @CAPS11. I did not get the hole plut of that movie. The next one @CAPS12 of the corn. Their was no way I could find out way the @CAPS12 was killing the people over @NUM1 in that town. The last movie that I did not like was ALL the @CAPS13 movies. I just did not like them ok?     I think all of these things are offensive. But I still know that people like them so I would not take them away. There are thing people like but I dont like them. Their things that my friend like but I dont like. Their thing I like and they dont like. But I guess what I am trying to say is in life there are going to be things that you dont like. But you cant get rid of the things you dislike in the world","Write a persuasive essay to a newspaper reflecting your views on censorship in libraries.
Do you believe that certain materials, such as books, music, movies, magazines, etc.,
should be removed from the shelves if they are found offensive? Support your position
with convincing arguments from your own experience, observations, and/or reading.",2,3,"{'Content': 4, 'Organization': 3, 'Word Choice': 2, 'Sentence Fluency': 3, 'Conventions': 2}","{'Content': '', 'Organization': '', 'Word Choice': '', 'Sentence Fluency': '', 'Conventions': ''}",
4346,"Censorship in the Libraries
""All of us can think of a book that we hope none of our children or any other children have taken
off the shelf. But if I have the right to remove that book from the shelf -- that work I abhor -- then
you also have exactly the same right and so does everyone else. And then we have no books
left on the shelf for any of us."" --Katherine Paterson, Author","I don't believe that any certain materials, such as books, music, movies, magazines, etc; Should be removed from the libraries shelves, because any thing can be offensive. What if someone needed to resourch about the @NUM1? Well they really won't be able to, if all the books about @NUM1 were taken off the shelves, only bacause someone found it offensive. Now days, everything is offensive to somebody.      For this, people need to understand that it is what it is, and if you were not appart of that problem, then what do you need to worry about. This day and age is evil all around the world. There are going to be things happening that are going to make people feel a little offensive. Just like all the earthquakes around the world, I know that there is some people offensive about that, but what if somebody was in college, and they wanted to learn more about what happened, so maybe they can get a group of people, and make there lives better.      People are hurting and I understand that, but us people are not here to judge, we are here to help the poor, and the sick, get by with what they have, and just help them see that there is a way out. With all this said I don't believe that we should remove the books, music, movies, and magazines off the shelves in libraries.","Write a persuasive essay to a newspaper reflecting your views on censorship in libraries.
Do you believe that certain materials, such as books, music, movies, magazines, etc.,
should be removed from the shelves if they are found offensive? Support your position
with convincing arguments from your own experience, observations, and/or reading.",2,3,"{'Content': 2, 'Organization': 2, 'Word Choice': 3, 'Sentence Fluency': 3, 'Conventions': 3}","{'Content': '', 'Organization': '', 'Word Choice': '', 'Sentence Fluency': '', 'Conventions': ''}",
4595,"Censorship in the Libraries
""All of us can think of a book that we hope none of our children or any other children have taken
off the shelf. But if I have the right to remove that book from the shelf -- that work I abhor -- then
you also have exactly the same right and so does everyone else. And then we have no books
left on the shelf for any of us."" --Katherine Paterson, Author","I believe that they should leave leave them on the shelves. I think people take stuff like that to serious, if they dont like it I think they should just leave it alone.What some people might find offensive others will find interesting. There is alot of stuff out there that might be a little offensive to some people, but if they dont like it all they have to do is put it up and go on with there life like its no big deal.     In the past there has been some movies that make fun of people for the way they act or just something they did in the past. Stuff like that I can understand because that can be personal reasons. There has also been times when I have seen people make a big deal over nothing.Sometimes people say stuff and the person reading it can take it a whole different way.There is still alot of people taking books off the shelf because of someone complains about the language in it or maybe making fun of another race.     I think the worst thing today is magazines because they are always judging people about who they are with, what they did @TIME1, or even who has the best body and who has the worse body.I think people should just stop worrying about everybody else so much and just worry about theirself and we wouldnt have so many problems.","Write a persuasive essay to a newspaper reflecting your views on censorship in libraries.
Do you believe that certain materials, such as books, music, movies, magazines, etc.,
should be removed from the shelves if they are found offensive? Support your position
with convincing arguments from your own experience, observations, and/or reading.",2,3,"{'Content': 2, 'Organization': 2, 'Word Choice': 2, 'Sentence Fluency': 3, 'Conventions': 3}","{'Content': '', 'Organization': '', 'Word Choice': '', 'Sentence Fluency': '', 'Conventions': ''}",
4546,"Censorship in the Libraries
""All of us can think of a book that we hope none of our children or any other children have taken
off the shelf. But if I have the right to remove that book from the shelf -- that work I abhor -- then
you also have exactly the same right and so does everyone else. And then we have no books
left on the shelf for any of us."" --Katherine Paterson, Author","Censorship is a matter of great contention today. Many authority figures have seemingly become obsessed with the notion that literature, video games, movies, and music are responsible for the perceived corruption of today's generation. Many believe in the idea of censorship because it will protect their children and allow them to remain innocent and morally upright. However, I believe censorship is a grand mistake on our part. Denying children access to certain literary works only keeps them ignorant, not innocent; so many books today are censored, and yet the information contained in them could have been vital to children who are seeking an understanding of the world they live in.     One of the most difficult questions about censorship is the matter of what should be censored and what should not. Books that are viewed as offensive or controversial are the usual targets, but viewing something as being offensive is just thata view. It changes from person to person because of varying cultures, religions, and moral codes. No one can agree on what will have a negative impact on children, making it impossible to establish a standard of what is best left off the shelf. The problem this creates is that many valuable books that should be permitted reading material are instead unavailable.     Censorship can protect a child from information they are better off not knowing, but it also robs them of a chance to gain vital knowledge. Children should be encouraged to read and to learn, not blocked from doing so. Yet if this is truly the case, why does the censorship debate still rage?     The argument continues because, in truth, there really are things that ought to be censored. Movies, music, and even books today can be very violent or sexual in nature, and these inappropriate subjects can have a negative impact on youths. Bloody video games and hateful song lyrics can encourage animosity towards others in children. But that cannot be the sole cause of such behavior; children will act right if they are taught how, not if they are hidden away from every instance of wrong. Censorship is greatly inferior to proper life lessons about morality, equality, peace, and respect.     Inevitably, censorship will remain a common practice. But try this: think of a book that changed your life for the better, and then imagine if you had been denied access to reading it. Do you want to let your children miss out on an experience that could very well mean the world to them?","Write a persuasive essay to a newspaper reflecting your views on censorship in libraries.
Do you believe that certain materials, such as books, music, movies, magazines, etc.,
should be removed from the shelves if they are found offensive? Support your position
with convincing arguments from your own experience, observations, and/or reading.",2,5,"{'Content': 5, 'Organization': 4, 'Word Choice': 5, 'Sentence Fluency': 5, 'Conventions': 4}","{'Content': '', 'Organization': '', 'Word Choice': '', 'Sentence Fluency': '', 'Conventions': ''}",
4077,"Censorship in the Libraries
""All of us can think of a book that we hope none of our children or any other children have taken
off the shelf. But if I have the right to remove that book from the shelf -- that work I abhor -- then
you also have exactly the same right and so does everyone else. And then we have no books
left on the shelf for any of us."" --Katherine Paterson, Author","To remove or not to remove     Should people be able to remove books that are offensive? I think so;it would help our kids and young adults, to read more educational books, rather than magazines and comics.     To start off with everyone has their own opinion of what is offensive ,and whats not. personally I don't think that we should remove books, because their offensive; I think we should just not let that perticular person not put out anymore books. But it's like I said everyone has their own opinion.     Secondly it's entirely up to the library where to place certien books with blood and gore,and if to have them or not. personally I like books with blood and gore; because it shows how the world auccualy is. It'snot like a book where you save the princess or damsel in destress.      Lastly if parents are conerned about offensive books don't let your kids get those kind of books give them a boring book. I mean we know the books that kids are not supposed to read but parents let kids read them.      In conclusion if you feel that a book is offensive do't pick it up, and don't have it taken off the shelf because there is always someone to disagree with yo","Write a persuasive essay to a newspaper reflecting your views on censorship in libraries.
Do you believe that certain materials, such as books, music, movies, magazines, etc.,
should be removed from the shelves if they are found offensive? Support your position
with convincing arguments from your own experience, observations, and/or reading.",2,3,"{'Content': 2, 'Organization': 2, 'Word Choice': 2, 'Sentence Fluency': 3, 'Conventions': 2}","{'Content': '', 'Organization': '', 'Word Choice': '', 'Sentence Fluency': '', 'Conventions': ''}",
4649,"Censorship in the Libraries
""All of us can think of a book that we hope none of our children or any other children have taken
off the shelf. But if I have the right to remove that book from the shelf -- that work I abhor -- then
you also have exactly the same right and so does everyone else. And then we have no books
left on the shelf for any of us."" --Katherine Paterson, Author","Censorship in libraries today, I believe, are not a big problem. But many would disagree with that. Books and movies can be a very important resource for anyone of any age. They can gives us facts about a certain topic that we @MONTH1 not find any where else. Everyone has thier own definition of offensive. I belive that it is not only up to the library to rate the books, movies, and magazines offensive but it is also up to the participants using these resources.      For many kids, no matter what age, they only rent books from a library for two main reasons: pleasure and projects. To sensor a book from a teenager or child is just like more of an invitation to see whats inside of it. For the people who do pleasure reading they most of the time stick to only one type of genre. If someone wanted to rent a book, and it was not appropriate for them to read, then the librarian or teacher would restrict that book from them. For projects, such as for school, it would depend upon the librarian to censor the book to a child. But books are not rated such as movies are. So it really all depends upon the use of the book and the maturity of the person who is renting it. If they feel that it will not be appropriate for some, then they could give a suggestion to censor it.      Movies and books are different in many ways. Books allow you to create a mental description and picture in your mind for what you are reading. Movies, on the other hand, create a visual image right in front of your eyes. No matter how gruesome or vile of a description a book can give, it still does not compare with the visual picture of a video. Movies are rated today as to the age of a person, and they say why they are rated as such. Movies rated above the @NUM1 level are most of the time not held in libraries. They @MONTH1 still be censored if they create too vile of an image, but that is up to the one who watches it.     Music is a major part of each one of our lives, and without it the world would be a much different place. Everyone finds themselves quite fond of a certain genre of music, and most of the time sticks to it. Music, like movies, is also rated by the content of the song. If it has a word or two that should be sensored, then it is most likely already labeled 'explicit'. I think that music, just like movies, should not be able to be censored, because they are already rated accordingly.     Some books, magazines, and movies contain cold hard facts about the past years of our world and are too vile for anyone. And even though those events are in our past they are still very important to our present. Books can be a magical place for children, as well as adults, to go and create their own world. To censor a book, movie, or magazine would be taking away that chance for someone to enjoy life just a little bit more for that small moment in time.","Write a persuasive essay to a newspaper reflecting your views on censorship in libraries.
Do you believe that certain materials, such as books, music, movies, magazines, etc.,
should be removed from the shelves if they are found offensive? Support your position
with convincing arguments from your own experience, observations, and/or reading.",2,4,"{'Content': 5, 'Organization': 5, 'Word Choice': 5, 'Sentence Fluency': 5, 'Conventions': 5}","{'Content': '', 'Organization': '', 'Word Choice': '', 'Sentence Fluency': '', 'Conventions': ''}",
4345,"Censorship in the Libraries
""All of us can think of a book that we hope none of our children or any other children have taken
off the shelf. But if I have the right to remove that book from the shelf -- that work I abhor -- then
you also have exactly the same right and so does everyone else. And then we have no books
left on the shelf for any of us."" --Katherine Paterson, Author","Should books, magazines ect... really be censored, taken off a shelf in a library, just because you might find them offensive? Some of you who are reading this would say yes, but why? What would be the reason behind it?     So to answer the first question I asked, my answer would have to be no, because a library is a public place for all ages, and each area is labeled or should be labeled the genre of book, magazine, ect.. it is. I myself read almost just about everything I can get my hands on, and for some people its the same way. Yes, I understand that if it is offensive to you that you probably would feel they should censor it, but what about those that it isn't offensive to? What would you say to them? How would you explain why it was offensive? Most of all how would you react if they held it against you?     If it was because of one person or a small group of people that one of my favorite books or series was censored, in all honesty I would be pretty ticked. Books are for everyone to read, they shouldn't not be able to read the books they love because they have been taken off the shelf. I think that if a person really doesn't like the book and finds it offensive should then just ignore it, and move on to find another book, they shouldn't have looked at it in the first place. Books will be offensive to some one some how, usually a book is written to target a certain group of people, for instance what if someone found the romance novels a lot of people love, offensive? What if that was all the person read? Well, the people who only read romance novels wouldn't have a book to read because, someone had them censored and taken off the shelves.      Books have been written, to help teach, get away from the real world, create a place to go for a person with an imagination, give someone hope, mystery, excitement. Books aren't something that should be taken off a library shelf, they are a bit of something for some one who just loves to read. Yes, there would be books you don't want your kids, grandkids, nieces and nephews to read, but that can't be helped, you can't censor every book that you don't want them to read or find offensive for them. If you did there wouldn't be a single book on a library shelf.      So for those of you who have read this, think about it, when you pick up a book and find it offensive do you want to make someone else upset because you had it taken off the shelf? You never know when that might happen to you, think about it before you go and tried to do that to a book.","Write a persuasive essay to a newspaper reflecting your views on censorship in libraries.
Do you believe that certain materials, such as books, music, movies, magazines, etc.,
should be removed from the shelves if they are found offensive? Support your position
with convincing arguments from your own experience, observations, and/or reading.",2,4,"{'Content': 4, 'Organization': 4, 'Word Choice': 4, 'Sentence Fluency': 4, 'Conventions': 4}","{'Content': '', 'Organization': '', 'Word Choice': '', 'Sentence Fluency': '', 'Conventions': ''}",
3641,"Censorship in the Libraries
""All of us can think of a book that we hope none of our children or any other children have taken
off the shelf. But if I have the right to remove that book from the shelf -- that work I abhor -- then
you also have exactly the same right and so does everyone else. And then we have no books
left on the shelf for any of us."" --Katherine Paterson, Author","I believe that if you are at a library or movie store, or where ever and there are books,movies, magazines, or cd's that you think are offensive that they should most likley be taken off of the shelf.     Have you ever walked into a store and seen something not approprite for little kids, and you get a little embarassed yourself?I know I have at least one point and time in my life. Which is why I believe that it should be removed from the store, or at least the shelves.     I always try to think of how my grandparents would feel if they new what kind of music most teen's are listening to today. There is so much terrible language and talking about violence and bad things that really just isnt appropriate for anyone to hear, or even talk about.      Some people feel differant about this, and some people take it a little to serious, but you have to remember everyone has their own opinion","Write a persuasive essay to a newspaper reflecting your views on censorship in libraries.
Do you believe that certain materials, such as books, music, movies, magazines, etc.,
should be removed from the shelves if they are found offensive? Support your position
with convincing arguments from your own experience, observations, and/or reading.",2,2,"{'Content': 1, 'Organization': 1, 'Word Choice': 2, 'Sentence Fluency': 2, 'Conventions': 1}","{'Content': '', 'Organization': '', 'Word Choice': '', 'Sentence Fluency': '', 'Conventions': ''}",
